2019-08-28 00:00:00,home-telemetry,device1,20,40
2019-08-28 00:01:00,home-telemetry,device1,20,42
2019-08-28 00:02:00,home-telemetry,device1,20,41
2019-08-28 00:03:00,home-telemetry,device1,19,40
2019-08-28 00:04:00,home-telemetry,device1,20,41
2019-08-28 00:05:00,home-telemetry,device1,21,39
2019-08-28 00:06:00,home-telemetry,device1,22,41
2019-08-28 00:07:00,home-telemetry,device1,21,43
2019-08-28 00:08:00,home-telemetry,device1,22,45
2019-08-28 00:09:00,home-telemetry,device1,23,45
2019-08-28 00:10:00,home-telemetry,device1,23,44
2019-08-28 00:11:00,home-telemetry,device1,24,46
2019-08-28 00:12:00,home-telemetry,device1,23,44
2019-08-28 00:13:00,home-telemetry,device1,23,46
2019-08-28 00:14:00,home-telemetry,device1,24,47
2019-08-28 00:15:00,home-telemetry,device1,25,47
2019-08-28 00:16:00,home-telemetry,device1,25,46
2019-08-28 00:17:00,home-telemetry,device1,26,44
2019-08-28 00:18:00,home-telemetry,device1,27,42
2019-08-28 00:19:00,home-telemetry,device1,26,42
2019-08-28 00:20:00,home-telemetry,device1,25,40
2019-08-28 00:21:00,home-telemetry,device1,25,42
2019-08-28 00:22:00,home-telemetry,device1,24,43
2019-08-28 00:23:00,home-telemetry,device1,23,45
2019-08-28 00:24:00,home-telemetry,device1,24,43
2019-08-28 00:25:00,home-telemetry,device1,24,42
2019-08-28 00:26:00,home-telemetry,device1,24,44
2019-08-28 00:27:00,home-telemetry,device1,25,46
2019-08-28 00:28:00,home-telemetry,device1,24,45
2019-08-28 00:29:00,home-telemetry,device1,25,45
2019-08-28 00:30:00,home-telemetry,device1,24,47
2019-08-28 00:31:00,home-telemetry,device1,23,48
2019-08-28 00:32:00,home-telemetry,device1,22,50
2019-08-28 00:33:00,home-telemetry,device1,23,50
2019-08-28 00:34:00,home-telemetry,device1,24,51
2019-08-28 00:35:00,home-telemetry,device1,23,50
2019-08-28 00:36:00,home-telemetry,device1,24,49
2019-08-28 00:37:00,home-telemetry,device1,23,47
2019-08-28 00:38:00,home-telemetry,device1,22,48
2019-08-28 00:39:00,home-telemetry,device1,21,47
2019-08-28 00:40:00,home-telemetry,device1,21,48
2019-08-28 00:41:00,home-telemetry,device1,22,50
2019-08-28 00:42:00,home-telemetry,device1,22,50
2019-08-28 00:43:00,home-telemetry,device1,21,50
2019-08-28 00:44:00,home-telemetry,device1,21,52
2019-08-28 00:45:00,home-telemetry,device1,21,51
2019-08-28 00:46:00,home-telemetry,device1,21,50
2019-08-28 00:47:00,home-telemetry,device1,22,51
2019-08-28 00:48:00,home-telemetry,device1,22,52
2019-08-28 00:49:00,home-telemetry,device1,21,51
2019-08-28 00:50:00,home-telemetry,device1,20,53
2019-08-28 00:51:00,home-telemetry,device1,21,54
2019-08-28 00:52:00,home-telemetry,device1,21,56
2019-08-28 00:53:00,home-telemetry,device1,22,56
2019-08-28 00:54:00,home-telemetry,device1,21,58
2019-08-28 00:55:00,home-telemetry,device1,22,56
2019-08-28 00:56:00,home-telemetry,device1,23,54
2019-08-28 00:57:00,home-telemetry,device1,22,56
2019-08-28 00:58:00,home-telemetry,device1,22,57
2019-08-28 00:59:00,home-telemetry,device1,21,55
2019-08-28 01:00:00,home-telemetry,device1,21,57
2019-08-28 01:01:00,home-telemetry,device1,21,59
2019-08-28 01:02:00,home-telemetry,device1,20,60
2019-08-28 01:03:00,home-telemetry,device1,21,61
2019-08-28 01:04:00,home-telemetry,device1,21,62
2019-08-28 01:05:00,home-telemetry,device1,21,64
2019-08-28 01:06:00,home-telemetry,device1,21,62
2019-08-28 01:07:00,home-telemetry,device1,21,63
2019-08-28 01:08:00,home-telemetry,device1,20,63
2019-08-28 01:09:00,home-telemetry,device1,21,62
2019-08-28 01:10:00,home-telemetry,device1,22,64
2019-08-28 01:11:00,home-telemetry,device1,23,66
2019-08-28 01:12:00,home-telemetry,device1,22,65
2019-08-28 01:13:00,home-telemetry,device1,23,63
2019-08-28 01:14:00,home-telemetry,device1,23,61
2019-08-28 01:15:00,home-telemetry,device1,24,61
2019-08-28 01:16:00,home-telemetry,device1,24,59
2019-08-28 01:17:00,home-telemetry,device1,25,60
2019-08-28 01:18:00,home-telemetry,device1,26,60
2019-08-28 01:19:00,home-telemetry,device1,25,62
2019-08-28 01:20:00,home-telemetry,device1,26,61
2019-08-28 01:21:00,home-telemetry,device1,25,59
2019-08-28 01:22:00,home-telemetry,device1,24,60
2019-08-28 01:23:00,home-telemetry,device1,23,59
2019-08-28 01:24:00,home-telemetry,device1,24,60
2019-08-28 01:25:00,home-telemetry,device1,23,60
2019-08-28 01:26:00,home-telemetry,device1,24,62
2019-08-28 01:27:00,home-telemetry,device1,25,62
2019-08-28 01:28:00,home-telemetry,device1,25,63
2019-08-28 01:29:00,home-telemetry,device1,24,65
2019-08-28 01:30:00,home-telemetry,device1,25,66
2019-08-28 01:31:00,home-telemetry,device1,26,64
2019-08-28 01:32:00,home-telemetry,device1,27,63
2019-08-28 01:33:00,home-telemetry,device1,28,63
2019-08-28 01:34:00,home-telemetry,device1,27,62
2019-08-28 01:35:00,home-telemetry,device1,27,61
2019-08-28 01:36:00,home-telemetry,device1,27,61
2019-08-28 01:37:00,home-telemetry,device1,26,63
2019-08-28 01:38:00,home-telemetry,device1,27,62
2019-08-28 01:39:00,home-telemetry,device1,27,62
2019-08-28 01:40:00,home-telemetry,device1,27,63
2019-08-28 01:41:00,home-telemetry,device1,27,61
2019-08-28 01:42:00,home-telemetry,device1,26,63
2019-08-28 01:43:00,home-telemetry,device1,27,63
2019-08-28 01:44:00,home-telemetry,device1,26,62
2019-08-28 01:45:00,home-telemetry,device1,25,63
2019-08-28 01:46:00,home-telemetry,device1,24,65
2019-08-28 01:47:00,home-telemetry,device1,25,63
2019-08-28 01:48:00,home-telemetry,device1,24,61
2019-08-28 01:49:00,home-telemetry,device1,25,59
2019-08-28 01:50:00,home-telemetry,device1,25,58
2019-08-28 01:51:00,home-telemetry,device1,26,56
2019-08-28 01:52:00,home-telemetry,device1,27,58
2019-08-28 01:53:00,home-telemetry,device1,28,57
2019-08-28 01:54:00,home-telemetry,device1,28,58
2019-08-28 01:55:00,home-telemetry,device1,29,56
2019-08-28 01:56:00,home-telemetry,device1,28,58
2019-08-28 01:57:00,home-telemetry,device1,27,57
2019-08-28 01:58:00,home-telemetry,device1,26,55
2019-08-28 01:59:00,home-telemetry,device1,27,53
2019-08-28 02:00:00,home-telemetry,device1,26,55
2019-08-28 02:01:00,home-telemetry,device1,25,57
2019-08-28 02:02:00,home-telemetry,device1,26,57
2019-08-28 02:03:00,home-telemetry,device1,26,58
2019-08-28 02:04:00,home-telemetry,device1,27,60
2019-08-28 02:05:00,home-telemetry,device1,26,59
2019-08-28 02:06:00,home-telemetry,device1,27,59
2019-08-28 02:07:00,home-telemetry,device1,26,58
2019-08-28 02:08:00,home-telemetry,device1,25,58
2019-08-28 02:09:00,home-telemetry,device1,24,56
2019-08-28 02:10:00,home-telemetry,device1,24,57
2019-08-28 02:11:00,home-telemetry,device1,24,58
2019-08-28 02:12:00,home-telemetry,device1,25,58
2019-08-28 02:13:00,home-telemetry,device1,25,58
2019-08-28 02:14:00,home-telemetry,device1,26,60
2019-08-28 02:15:00,home-telemetry,device1,26,59
2019-08-28 02:16:00,home-telemetry,device1,25,59
2019-08-28 02:17:00,home-telemetry,device1,26,61
2019-08-28 02:18:00,home-telemetry,device1,26,61
2019-08-28 02:19:00,home-telemetry,device1,27,62
2019-08-28 02:20:00,home-telemetry,device1,28,63
2019-08-28 02:21:00,home-telemetry,device1,28,65
2019-08-28 02:22:00,home-telemetry,device1,27,67
2019-08-28 02:23:00,home-telemetry,device1,28,68
2019-08-28 02:24:00,home-telemetry,device1,29,69
2019-08-28 02:25:00,home-telemetry,device1,30,71
2019-08-28 02:26:00,home-telemetry,device1,29,71
2019-08-28 02:27:00,home-telemetry,device1,29,72
2019-08-28 02:28:00,home-telemetry,device1,28,70
2019-08-28 02:29:00,home-telemetry,device1,27,71
2019-08-28 02:30:00,home-telemetry,device1,26,73
2019-08-28 02:31:00,home-telemetry,device1,25,74
2019-08-28 02:32:00,home-telemetry,device1,26,73
2019-08-28 02:33:00,home-telemetry,device1,27,73
2019-08-28 02:34:00,home-telemetry,device1,27,72
2019-08-28 02:35:00,home-telemetry,device1,28,70
2019-08-28 02:36:00,home-telemetry,device1,27,71
2019-08-28 02:37:00,home-telemetry,device1,26,70
2019-08-28 02:38:00,home-telemetry,device1,27,69
2019-08-28 02:39:00,home-telemetry,device1,26,71
2019-08-28 02:40:00,home-telemetry,device1,27,70
2019-08-28 02:41:00,home-telemetry,device1,28,72
2019-08-28 02:42:00,home-telemetry,device1,27,74
2019-08-28 02:43:00,home-telemetry,device1,27,73
2019-08-28 02:44:00,home-telemetry,device1,27,71
2019-08-28 02:45:00,home-telemetry,device1,28,69
2019-08-28 02:46:00,home-telemetry,device1,28,67
2019-08-28 02:47:00,home-telemetry,device1,28,69
2019-08-28 02:48:00,home-telemetry,device1,27,67
2019-08-28 02:49:00,home-telemetry,device1,27,67
2019-08-28 02:50:00,home-telemetry,device1,28,66
2019-08-28 02:51:00,home-telemetry,device1,27,66
2019-08-28 02:52:00,home-telemetry,device1,26,67
2019-08-28 02:53:00,home-telemetry,device1,26,66
2019-08-28 02:54:00,home-telemetry,device1,26,66
2019-08-28 02:55:00,home-telemetry,device1,25,67
2019-08-28 02:56:00,home-telemetry,device1,25,65
2019-08-28 02:57:00,home-telemetry,device1,25,63
2019-08-28 02:58:00,home-telemetry,device1,25,62
2019-08-28 02:59:00,home-telemetry,device1,26,60
2019-08-28 03:00:00,home-telemetry,device1,27,59
2019-08-28 03:01:00,home-telemetry,device1,26,61
2019-08-28 03:02:00,home-telemetry,device1,26,61
2019-08-28 03:03:00,home-telemetry,device1,27,60
2019-08-28 03:04:00,home-telemetry,device1,28,62
2019-08-28 03:05:00,home-telemetry,device1,28,60
2019-08-28 03:06:00,home-telemetry,device1,27,58
2019-08-28 03:07:00,home-telemetry,device1,28,58
2019-08-28 03:08:00,home-telemetry,device1,27,58
2019-08-28 03:09:00,home-telemetry,device1,28,57
2019-08-28 03:10:00,home-telemetry,device1,29,58
2019-08-28 03:11:00,home-telemetry,device1,29,57
2019-08-28 03:12:00,home-telemetry,device1,28,58
2019-08-28 03:13:00,home-telemetry,device1,29,60
2019-08-28 03:14:00,home-telemetry,device1,30,61
2019-08-28 03:15:00,home-telemetry,device1,29,61
2019-08-28 03:16:00,home-telemetry,device1,30,60
2019-08-28 03:17:00,home-telemetry,device1,29,58
2019-08-28 03:18:00,home-telemetry,device1,28,59
2019-08-28 03:19:00,home-telemetry,device1,29,57
2019-08-28 03:20:00,home-telemetry,device1,29,55
2019-08-28 03:21:00,home-telemetry,device1,28,53
2019-08-28 03:22:00,home-telemetry,device1,28,53
2019-08-28 03:23:00,home-telemetry,device1,27,51
2019-08-28 03:24:00,home-telemetry,device1,28,51
2019-08-28 03:25:00,home-telemetry,device1,27,50
2019-08-28 03:26:00,home-telemetry,device1,28,48
2019-08-28 03:27:00,home-telemetry,device1,28,50
2019-08-28 03:28:00,home-telemetry,device1,28,49
2019-08-28 03:29:00,home-telemetry,device1,27,48
2019-08-28 03:30:00,home-telemetry,device1,28,49
2019-08-28 03:31:00,home-telemetry,device1,28,49
2019-08-28 03:32:00,home-telemetry,device1,27,49
2019-08-28 03:33:00,home-telemetry,device1,26,47
2019-08-28 03:34:00,home-telemetry,device1,27,49
2019-08-28 03:35:00,home-telemetry,device1,27,47
2019-08-28 03:36:00,home-telemetry,device1,26,47
2019-08-28 03:37:00,home-telemetry,device1,25,45
2019-08-28 03:38:00,home-telemetry,device1,26,47
2019-08-28 03:39:00,home-telemetry,device1,26,45
2019-08-28 03:40:00,home-telemetry,device1,26,44
2019-08-28 03:41:00,home-telemetry,device1,25,45
2019-08-28 03:42:00,home-telemetry,device1,26,43
2019-08-28 03:43:00,home-telemetry,device1,27,42
2019-08-28 03:44:00,home-telemetry,device1,28,43
2019-08-28 03:45:00,home-telemetry,device1,28,41
2019-08-28 03:46:00,home-telemetry,device1,27,43
2019-08-28 03:47:00,home-telemetry,device1,28,45
2019-08-28 03:48:00,home-telemetry,device1,28,46
2019-08-28 03:49:00,home-telemetry,device1,27,48
2019-08-28 03:50:00,home-telemetry,device1,28,46
2019-08-28 03:51:00,home-telemetry,device1,27,46
2019-08-28 03:52:00,home-telemetry,device1,26,44
2019-08-28 03:53:00,home-telemetry,device1,25,43
2019-08-28 03:54:00,home-telemetry,device1,25,44
2019-08-28 03:55:00,home-telemetry,device1,24,43
2019-08-28 03:56:00,home-telemetry,device1,24,41
2019-08-28 03:57:00,home-telemetry,device1,24,40
2019-08-28 03:58:00,home-telemetry,device1,25,38
2019-08-28 03:59:00,home-telemetry,device1,24,37
2019-08-28 04:00:00,home-telemetry,device1,25,35
2019-08-28 04:01:00,home-telemetry,device1,24,35
2019-08-28 04:02:00,home-telemetry,device1,23,35
2019-08-28 04:03:00,home-telemetry,device1,24,36
2019-08-28 04:04:00,home-telemetry,device1,23,35
2019-08-28 04:05:00,home-telemetry,device1,22,33
2019-08-28 04:06:00,home-telemetry,device1,22,33
2019-08-28 04:07:00,home-telemetry,device1,22,34
2019-08-28 04:08:00,home-telemetry,device1,22,34
2019-08-28 04:09:00,home-telemetry,device1,21,32
2019-08-28 04:10:00,home-telemetry,device1,21,30
2019-08-28 04:11:00,home-telemetry,device1,20,28
2019-08-28 04:12:00,home-telemetry,device1,19,28
2019-08-28 04:13:00,home-telemetry,device1,18,26
2019-08-28 04:14:00,home-telemetry,device1,19,28
2019-08-28 04:15:00,home-telemetry,device1,19,26
2019-08-28 04:16:00,home-telemetry,device1,20,25
2019-08-28 04:17:00,home-telemetry,device1,21,26
2019-08-28 04:18:00,home-telemetry,device1,20,27
2019-08-28 04:19:00,home-telemetry,device1,19,27
2019-08-28 04:20:00,home-telemetry,device1,19,29
2019-08-28 04:21:00,home-telemetry,device1,18,30
2019-08-28 04:22:00,home-telemetry,device1,17,29
2019-08-28 04:23:00,home-telemetry,device1,17,31
2019-08-28 04:24:00,home-telemetry,device1,16,30
2019-08-28 04:25:00,home-telemetry,device1,15,32
2019-08-28 04:26:00,home-telemetry,device1,15,31
2019-08-28 04:27:00,home-telemetry,device1,14,32
2019-08-28 04:28:00,home-telemetry,device1,14,30
2019-08-28 04:29:00,home-telemetry,device1,13,28
2019-08-28 04:30:00,home-telemetry,device1,12,26
2019-08-28 04:31:00,home-telemetry,device1,11,27
2019-08-28 04:32:00,home-telemetry,device1,12,28
2019-08-28 04:33:00,home-telemetry,device1,13,29
2019-08-28 04:34:00,home-telemetry,device1,14,28
2019-08-28 04:35:00,home-telemetry,device1,15,27
2019-08-28 04:36:00,home-telemetry,device1,15,27
2019-08-28 04:37:00,home-telemetry,device1,16,27
2019-08-28 04:38:00,home-telemetry,device1,15,28
2019-08-28 04:39:00,home-telemetry,device1,15,30
2019-08-28 04:40:00,home-telemetry,device1,14,31
2019-08-28 04:41:00,home-telemetry,device1,14,30
2019-08-28 04:42:00,home-telemetry,device1,15,28
2019-08-28 04:43:00,home-telemetry,device1,15,28
2019-08-28 04:44:00,home-telemetry,device1,15,28
2019-08-28 04:45:00,home-telemetry,device1,16,28
2019-08-28 04:46:00,home-telemetry,device1,15,29
2019-08-28 04:47:00,home-telemetry,device1,15,30
2019-08-28 04:48:00,home-telemetry,device1,15,32
2019-08-28 04:49:00,home-telemetry,device1,15,34
2019-08-28 04:50:00,home-telemetry,device1,16,32
2019-08-28 04:51:00,home-telemetry,device1,16,33
2019-08-28 04:52:00,home-telemetry,device1,17,32
2019-08-28 04:53:00,home-telemetry,device1,18,31
2019-08-28 04:54:00,home-telemetry,device1,19,33
2019-08-28 04:55:00,home-telemetry,device1,19,35
2019-08-28 04:56:00,home-telemetry,device1,20,35
2019-08-28 04:57:00,home-telemetry,device1,19,34
2019-08-28 04:58:00,home-telemetry,device1,19,35
2019-08-28 04:59:00,home-telemetry,device1,18,35
2019-08-28 05:00:00,home-telemetry,device1,17,35
2019-08-28 05:01:00,home-telemetry,device1,16,36
2019-08-28 05:02:00,home-telemetry,device1,16,37
2019-08-28 05:03:00,home-telemetry,device1,15,38
2019-08-28 05:04:00,home-telemetry,device1,16,40
2019-08-28 05:05:00,home-telemetry,device1,16,38
2019-08-28 05:06:00,home-telemetry,device1,15,38
2019-08-28 05:07:00,home-telemetry,device1,15,38
2019-08-28 05:08:00,home-telemetry,device1,15,36
2019-08-28 05:09:00,home-telemetry,device1,15,35
2019-08-28 05:10:00,home-telemetry,device1,15,35
2019-08-28 05:11:00,home-telemetry,device1,14,35
2019-08-28 05:12:00,home-telemetry,device1,15,33
2019-08-28 05:13:00,home-telemetry,device1,15,33
2019-08-28 05:14:00,home-telemetry,device1,15,34
2019-08-28 05:15:00,home-telemetry,device1,14,32
2019-08-28 05:16:00,home-telemetry,device1,13,31
2019-08-28 05:17:00,home-telemetry,device1,13,30
2019-08-28 05:18:00,home-telemetry,device1,14,30
2019-08-28 05:19:00,home-telemetry,device1,14,30
2019-08-28 05:20:00,home-telemetry,device1,14,30
2019-08-28 05:21:00,home-telemetry,device1,14,31
2019-08-28 05:22:00,home-telemetry,device1,13,31
2019-08-28 05:23:00,home-telemetry,device1,13,30
2019-08-28 05:24:00,home-telemetry,device1,14,32
2019-08-28 05:25:00,home-telemetry,device1,14,34
2019-08-28 05:26:00,home-telemetry,device1,13,32
2019-08-28 05:27:00,home-telemetry,device1,12,31
2019-08-28 05:28:00,home-telemetry,device1,11,32
2019-08-28 05:29:00,home-telemetry,device1,10,30
2019-08-28 05:30:00,home-telemetry,device1,10,28
2019-08-28 05:31:00,home-telemetry,device1,10,30
2019-08-28 05:32:00,home-telemetry,device1,11,30
2019-08-28 05:33:00,home-telemetry,device1,11,29
2019-08-28 05:34:00,home-telemetry,device1,12,27
2019-08-28 05:35:00,home-telemetry,device1,13,26
2019-08-28 05:36:00,home-telemetry,device1,13,24
2019-08-28 05:37:00,home-telemetry,device1,14,22
2019-08-28 05:38:00,home-telemetry,device1,15,20
2019-08-28 05:39:00,home-telemetry,device1,15,21
2019-08-28 05:40:00,home-telemetry,device1,16,23
2019-08-28 05:41:00,home-telemetry,device1,15,22
2019-08-28 05:42:00,home-telemetry,device1,14,24
2019-08-28 05:43:00,home-telemetry,device1,15,26
2019-08-28 05:44:00,home-telemetry,device1,15,28
2019-08-28 05:45:00,home-telemetry,device1,15,28
2019-08-28 05:46:00,home-telemetry,device1,14,28
2019-08-28 05:47:00,home-telemetry,device1,13,30
2019-08-28 05:48:00,home-telemetry,device1,12,28
2019-08-28 05:49:00,home-telemetry,device1,12,29
2019-08-28 05:50:00,home-telemetry,device1,12,29
2019-08-28 05:51:00,home-telemetry,device1,12,28
2019-08-28 05:52:00,home-telemetry,device1,11,30
2019-08-28 05:53:00,home-telemetry,device1,11,28
2019-08-28 05:54:00,home-telemetry,device1,11,30
2019-08-28 05:55:00,home-telemetry,device1,12,31
2019-08-28 05:56:00,home-telemetry,device1,13,29
2019-08-28 05:57:00,home-telemetry,device1,14,30
2019-08-28 05:58:00,home-telemetry,device1,14,30
2019-08-28 05:59:00,home-telemetry,device1,15,30
2019-08-28 06:00:00,home-telemetry,device1,14,31
2019-08-28 06:01:00,home-telemetry,device1,15,29
2019-08-28 06:02:00,home-telemetry,device1,15,29
2019-08-28 06:03:00,home-telemetry,device1,14,29
2019-08-28 06:04:00,home-telemetry,device1,14,31
2019-08-28 06:05:00,home-telemetry,device1,15,33
2019-08-28 06:06:00,home-telemetry,device1,15,34
2019-08-28 06:07:00,home-telemetry,device1,16,33
2019-08-28 06:08:00,home-telemetry,device1,16,35
2019-08-28 06:09:00,home-telemetry,device1,16,37
2019-08-28 06:10:00,home-telemetry,device1,16,39
2019-08-28 06:11:00,home-telemetry,device1,17,38
2019-08-28 06:12:00,home-telemetry,device1,16,38
2019-08-28 06:13:00,home-telemetry,device1,15,38
2019-08-28 06:14:00,home-telemetry,device1,15,36
2019-08-28 06:15:00,home-telemetry,device1,14,38
2019-08-28 06:16:00,home-telemetry,device1,14,37
2019-08-28 06:17:00,home-telemetry,device1,14,35
2019-08-28 06:18:00,home-telemetry,device1,15,33
2019-08-28 06:19:00,home-telemetry,device1,14,35
2019-08-28 06:20:00,home-telemetry,device1,14,34
2019-08-28 06:21:00,home-telemetry,device1,13,34
2019-08-28 06:22:00,home-telemetry,device1,12,32
2019-08-28 06:23:00,home-telemetry,device1,13,30
2019-08-28 06:24:00,home-telemetry,device1,12,30
2019-08-28 06:25:00,home-telemetry,device1,12,30
2019-08-28 06:26:00,home-telemetry,device1,11,31
2019-08-28 06:27:00,home-telemetry,device1,11,30
2019-08-28 06:28:00,home-telemetry,device1,10,31
2019-08-28 06:29:00,home-telemetry,device1,11,31
2019-08-28 06:30:00,home-telemetry,device1,10,33
2019-08-28 06:31:00,home-telemetry,device1,10,35
2019-08-28 06:32:00,home-telemetry,device1,10,37
2019-08-28 06:33:00,home-telemetry,device1,11,35
2019-08-28 06:34:00,home-telemetry,device1,10,33
2019-08-28 06:35:00,home-telemetry,device1,11,31
2019-08-28 06:36:00,home-telemetry,device1,12,31
2019-08-28 06:37:00,home-telemetry,device1,13,30
2019-08-28 06:38:00,home-telemetry,device1,14,29
2019-08-28 06:39:00,home-telemetry,device1,13,28
2019-08-28 06:40:00,home-telemetry,device1,13,28
2019-08-28 06:41:00,home-telemetry,device1,14,27
2019-08-28 06:42:00,home-telemetry,device1,15,27
2019-08-28 06:43:00,home-telemetry,device1,15,25
2019-08-28 06:44:00,home-telemetry,device1,15,26
2019-08-28 06:45:00,home-telemetry,device1,15,28
2019-08-28 06:46:00,home-telemetry,device1,14,30
2019-08-28 06:47:00,home-telemetry,device1,15,28
2019-08-28 06:48:00,home-telemetry,device1,15,28
2019-08-28 06:49:00,home-telemetry,device1,15,27
2019-08-28 06:50:00,home-telemetry,device1,16,28
2019-08-28 06:51:00,home-telemetry,device1,16,27
2019-08-28 06:52:00,home-telemetry,device1,17,28
2019-08-28 06:53:00,home-telemetry,device1,17,27
2019-08-28 06:54:00,home-telemetry,device1,16,28
2019-08-28 06:55:00,home-telemetry,device1,16,26
2019-08-28 06:56:00,home-telemetry,device1,16,25
2019-08-28 06:57:00,home-telemetry,device1,17,26
2019-08-28 06:58:00,home-telemetry,device1,16,27
2019-08-28 06:59:00,home-telemetry,device1,16,25
2019-08-28 07:00:00,home-telemetry,device1,15,23
2019-08-28 07:01:00,home-telemetry,device1,16,22
2019-08-28 07:02:00,home-telemetry,device1,15,20
2019-08-28 07:03:00,home-telemetry,device1,14,18
2019-08-28 07:04:00,home-telemetry,device1,15,19
2019-08-28 07:05:00,home-telemetry,device1,16,20
2019-08-28 07:06:00,home-telemetry,device1,17,18
2019-08-28 07:07:00,home-telemetry,device1,17,20
2019-08-28 07:08:00,home-telemetry,device1,16,21
2019-08-28 07:09:00,home-telemetry,device1,16,19
2019-08-28 07:10:00,home-telemetry,device1,15,20
2019-08-28 07:11:00,home-telemetry,device1,14,22
2019-08-28 07:12:00,home-telemetry,device1,15,21
2019-08-28 07:13:00,home-telemetry,device1,14,22
2019-08-28 07:14:00,home-telemetry,device1,13,21
2019-08-28 07:15:00,home-telemetry,device1,13,20
2019-08-28 07:16:00,home-telemetry,device1,14,18
2019-08-28 07:17:00,home-telemetry,device1,15,20
2019-08-28 07:18:00,home-telemetry,device1,16,21
2019-08-28 07:19:00,home-telemetry,device1,15,21
2019-08-28 07:20:00,home-telemetry,device1,15,21
2019-08-28 07:21:00,home-telemetry,device1,16,22
2019-08-28 07:22:00,home-telemetry,device1,16,21
2019-08-28 07:23:00,home-telemetry,device1,15,19
2019-08-28 07:24:00,home-telemetry,device1,15,20
2019-08-28 07:25:00,home-telemetry,device1,15,21
2019-08-28 07:26:00,home-telemetry,device1,14,19
2019-08-28 07:27:00,home-telemetry,device1,14,18
2019-08-28 07:28:00,home-telemetry,device1,15,17
2019-08-28 07:29:00,home-telemetry,device1,16,16
2019-08-28 07:30:00,home-telemetry,device1,15,15
2019-08-28 07:31:00,home-telemetry,device1,16,15
2019-08-28 07:32:00,home-telemetry,device1,17,17
2019-08-28 07:33:00,home-telemetry,device1,17,18
2019-08-28 07:34:00,home-telemetry,device1,17,17
2019-08-28 07:35:00,home-telemetry,device1,16,19
2019-08-28 07:36:00,home-telemetry,device1,16,17
2019-08-28 07:37:00,home-telemetry,device1,15,16
2019-08-28 07:38:00,home-telemetry,device1,14,15
2019-08-28 07:39:00,home-telemetry,device1,15,14
2019-08-28 07:40:00,home-telemetry,device1,14,14
2019-08-28 07:41:00,home-telemetry,device1,13,15
2019-08-28 07:42:00,home-telemetry,device1,12,17
2019-08-28 07:43:00,home-telemetry,device1,12,18
2019-08-28 07:44:00,home-telemetry,device1,11,16
2019-08-28 07:45:00,home-telemetry,device1,11,17
2019-08-28 07:46:00,home-telemetry,device1,10,19
2019-08-28 07:47:00,home-telemetry,device1,11,17
2019-08-28 07:48:00,home-telemetry,device1,11,17
2019-08-28 07:49:00,home-telemetry,device1,10,19
2019-08-28 07:50:00,home-telemetry,device1,11,18
2019-08-28 07:51:00,home-telemetry,device1,12,18
2019-08-28 07:52:00,home-telemetry,device1,12,18
2019-08-28 07:53:00,home-telemetry,device1,12,19
2019-08-28 07:54:00,home-telemetry,device1,13,17
2019-08-28 07:55:00,home-telemetry,device1,13,17
2019-08-28 07:56:00,home-telemetry,device1,13,16
2019-08-28 07:57:00,home-telemetry,device1,12,15
2019-08-28 07:58:00,home-telemetry,device1,12,17
2019-08-28 07:59:00,home-telemetry,device1,11,18
2019-08-28 08:00:00,home-telemetry,device1,12,16
2019-08-28 08:01:00,home-telemetry,device1,13,15
2019-08-28 08:02:00,home-telemetry,device1,13,15
2019-08-28 08:03:00,home-telemetry,device1,14,13
2019-08-28 08:04:00,home-telemetry,device1,13,13
2019-08-28 08:05:00,home-telemetry,device1,12,13
2019-08-28 08:06:00,home-telemetry,device1,11,15
2019-08-28 08:07:00,home-telemetry,device1,10,13
2019-08-28 08:08:00,home-telemetry,device1,11,12
2019-08-28 08:09:00,home-telemetry,device1,10,13
2019-08-28 08:10:00,home-telemetry,device1,10,15
2019-08-28 08:11:00,home-telemetry,device1,10,14
2019-08-28 08:12:00,home-telemetry,device1,9,16
2019-08-28 08:13:00,home-telemetry,device1,9,15
2019-08-28 08:14:00,home-telemetry,device1,10,14
2019-08-28 08:15:00,home-telemetry,device1,9,13
2019-08-28 08:16:00,home-telemetry,device1,9,12
2019-08-28 08:17:00,home-telemetry,device1,9,10
2019-08-28 08:18:00,home-telemetry,device1,9,12
2019-08-28 08:19:00,home-telemetry,device1,8,12
2019-08-28 08:20:00,home-telemetry,device1,7,11
2019-08-28 08:21:00,home-telemetry,device1,6,10
2019-08-28 08:22:00,home-telemetry,device1,5,10
2019-08-28 08:23:00,home-telemetry,device1,4,11
2019-08-28 08:24:00,home-telemetry,device1,3,10
2019-08-28 08:25:00,home-telemetry,device1,3,9
2019-08-28 08:26:00,home-telemetry,device1,3,10
2019-08-28 08:27:00,home-telemetry,device1,4,9
2019-08-28 08:28:00,home-telemetry,device1,4,7
2019-08-28 08:29:00,home-telemetry,device1,3,6
2019-08-28 08:30:00,home-telemetry,device1,2,7
2019-08-28 08:31:00,home-telemetry,device1,2,7
2019-08-28 08:32:00,home-telemetry,device1,3,5
2019-08-28 08:33:00,home-telemetry,device1,4,7
2019-08-28 08:34:00,home-telemetry,device1,5,8
2019-08-28 08:35:00,home-telemetry,device1,6,6
2019-08-28 08:36:00,home-telemetry,device1,7,8
2019-08-28 08:37:00,home-telemetry,device1,6,8
2019-08-28 08:38:00,home-telemetry,device1,7,8
2019-08-28 08:39:00,home-telemetry,device1,8,9
2019-08-28 08:40:00,home-telemetry,device1,9,11
2019-08-28 08:41:00,home-telemetry,device1,8,12
2019-08-28 08:42:00,home-telemetry,device1,7,13
2019-08-28 08:43:00,home-telemetry,device1,8,12
2019-08-28 08:44:00,home-telemetry,device1,9,14
2019-08-28 08:45:00,home-telemetry,device1,10,16
2019-08-28 08:46:00,home-telemetry,device1,10,15
2019-08-28 08:47:00,home-telemetry,device1,11,17
2019-08-28 08:48:00,home-telemetry,device1,11,18
2019-08-28 08:49:00,home-telemetry,device1,10,20
2019-08-28 08:50:00,home-telemetry,device1,10,18
2019-08-28 08:51:00,home-telemetry,device1,9,20
2019-08-28 08:52:00,home-telemetry,device1,10,22
2019-08-28 08:53:00,home-telemetry,device1,9,21
2019-08-28 08:54:00,home-telemetry,device1,8,19
2019-08-28 08:55:00,home-telemetry,device1,8,21
2019-08-28 08:56:00,home-telemetry,device1,7,22
2019-08-28 08:57:00,home-telemetry,device1,7,21
2019-08-28 08:58:00,home-telemetry,device1,7,19
2019-08-28 08:59:00,home-telemetry,device1,8,20
2019-08-28 09:00:00,home-telemetry,device1,9,21
2019-08-28 09:01:00,home-telemetry,device1,9,19
2019-08-28 09:02:00,home-telemetry,device1,8,21
2019-08-28 09:03:00,home-telemetry,device1,7,20
2019-08-28 09:04:00,home-telemetry,device1,8,20
2019-08-28 09:05:00,home-telemetry,device1,7,20
2019-08-28 09:06:00,home-telemetry,device1,8,21
2019-08-28 09:07:00,home-telemetry,device1,8,20
2019-08-28 09:08:00,home-telemetry,device1,7,20
2019-08-28 09:09:00,home-telemetry,device1,6,20
2019-08-28 09:10:00,home-telemetry,device1,7,18
2019-08-28 09:11:00,home-telemetry,device1,6,17
2019-08-28 09:12:00,home-telemetry,device1,7,19
2019-08-28 09:13:00,home-telemetry,device1,8,21
2019-08-28 09:14:00,home-telemetry,device1,7,20
2019-08-28 09:15:00,home-telemetry,device1,6,19
2019-08-28 09:16:00,home-telemetry,device1,7,20
2019-08-28 09:17:00,home-telemetry,device1,7,20
2019-08-28 09:18:00,home-telemetry,device1,8,19
2019-08-28 09:19:00,home-telemetry,device1,8,21
2019-08-28 09:20:00,home-telemetry,device1,8,21
2019-08-28 09:21:00,home-telemetry,device1,7,21
2019-08-28 09:22:00,home-telemetry,device1,8,23
2019-08-28 09:23:00,home-telemetry,device1,7,21
2019-08-28 09:24:00,home-telemetry,device1,6,22
2019-08-28 09:25:00,home-telemetry,device1,6,24
2019-08-28 09:26:00,home-telemetry,device1,5,23
2019-08-28 09:27:00,home-telemetry,device1,4,22
2019-08-28 09:28:00,home-telemetry,device1,4,22
2019-08-28 09:29:00,home-telemetry,device1,5,21
2019-08-28 09:30:00,home-telemetry,device1,5,23
2019-08-28 09:31:00,home-telemetry,device1,4,25
2019-08-28 09:32:00,home-telemetry,device1,3,25
2019-08-28 09:33:00,home-telemetry,device1,3,23
2019-08-28 09:34:00,home-telemetry,device1,3,23
2019-08-28 09:35:00,home-telemetry,device1,4,23
2019-08-28 09:36:00,home-telemetry,device1,4,25
2019-08-28 09:37:00,home-telemetry,device1,5,23
2019-08-28 09:38:00,home-telemetry,device1,4,25
2019-08-28 09:39:00,home-telemetry,device1,5,27
2019-08-28 09:40:00,home-telemetry,device1,6,27
2019-08-28 09:41:00,home-telemetry,device1,7,28
2019-08-28 09:42:00,home-telemetry,device1,8,26
2019-08-28 09:43:00,home-telemetry,device1,7,26
2019-08-28 09:44:00,home-telemetry,device1,6,26
2019-08-28 09:45:00,home-telemetry,device1,7,25
2019-08-28 09:46:00,home-telemetry,device1,8,25
2019-08-28 09:47:00,home-telemetry,device1,9,23
2019-08-28 09:48:00,home-telemetry,device1,9,21
2019-08-28 09:49:00,home-telemetry,device1,9,23
2019-08-28 09:50:00,home-telemetry,device1,9,21
2019-08-28 09:51:00,home-telemetry,device1,9,21
2019-08-28 09:52:00,home-telemetry,device1,10,19
2019-08-28 09:53:00,home-telemetry,device1,9,19
2019-08-28 09:54:00,home-telemetry,device1,8,21
2019-08-28 09:55:00,home-telemetry,device1,7,22
2019-08-28 09:56:00,home-telemetry,device1,8,20
2019-08-28 09:57:00,home-telemetry,device1,7,21
2019-08-28 09:58:00,home-telemetry,device1,6,21
2019-08-28 09:59:00,home-telemetry,device1,5,19
2019-08-28 10:00:00,home-telemetry,device1,5,19
2019-08-28 10:01:00,home-telemetry,device1,6,19
2019-08-28 10:02:00,home-telemetry,device1,7,21
2019-08-28 10:03:00,home-telemetry,device1,7,23
2019-08-28 10:04:00,home-telemetry,device1,7,24
2019-08-28 10:05:00,home-telemetry,device1,8,25
2019-08-28 10:06:00,home-telemetry,device1,7,24
2019-08-28 10:07:00,home-telemetry,device1,6,24
2019-08-28 10:08:00,home-telemetry,device1,7,26
2019-08-28 10:09:00,home-telemetry,device1,8,24
2019-08-28 10:10:00,home-telemetry,device1,9,26
2019-08-28 10:11:00,home-telemetry,device1,10,25
2019-08-28 10:12:00,home-telemetry,device1,11,26
2019-08-28 10:13:00,home-telemetry,device1,10,27
2019-08-28 10:14:00,home-telemetry,device1,10,26
2019-08-28 10:15:00,home-telemetry,device1,9,25
2019-08-28 10:16:00,home-telemetry,device1,10,26
2019-08-28 10:17:00,home-telemetry,device1,11,26
2019-08-28 10:18:00,home-telemetry,device1,10,24
2019-08-28 10:19:00,home-telemetry,device1,11,26
2019-08-28 10:20:00,home-telemetry,device1,12,26
2019-08-28 10:21:00,home-telemetry,device1,11,24
2019-08-28 10:22:00,home-telemetry,device1,11,25
2019-08-28 10:23:00,home-telemetry,device1,12,25
2019-08-28 10:24:00,home-telemetry,device1,12,25
2019-08-28 10:25:00,home-telemetry,device1,12,26
2019-08-28 10:26:00,home-telemetry,device1,13,28
2019-08-28 10:27:00,home-telemetry,device1,13,27
2019-08-28 10:28:00,home-telemetry,device1,14,25
2019-08-28 10:29:00,home-telemetry,device1,14,24
2019-08-28 10:30:00,home-telemetry,device1,13,25
2019-08-28 10:31:00,home-telemetry,device1,13,25
2019-08-28 10:32:00,home-telemetry,device1,13,25
2019-08-28 10:33:00,home-telemetry,device1,12,27
2019-08-28 10:34:00,home-telemetry,device1,12,28
2019-08-28 10:35:00,home-telemetry,device1,12,26
2019-08-28 10:36:00,home-telemetry,device1,13,28
2019-08-28 10:37:00,home-telemetry,device1,12,27
2019-08-28 10:38:00,home-telemetry,device1,11,27
2019-08-28 10:39:00,home-telemetry,device1,12,29
2019-08-28 10:40:00,home-telemetry,device1,13,31
2019-08-28 10:41:00,home-telemetry,device1,14,33
2019-08-28 10:42:00,home-telemetry,device1,14,33
2019-08-28 10:43:00,home-telemetry,device1,13,32
2019-08-28 10:44:00,home-telemetry,device1,14,32
2019-08-28 10:45:00,home-telemetry,device1,15,33
2019-08-28 10:46:00,home-telemetry,device1,16,34
2019-08-28 10:47:00,home-telemetry,device1,15,33
2019-08-28 10:48:00,home-telemetry,device1,14,35
2019-08-28 10:49:00,home-telemetry,device1,13,34
2019-08-28 10:50:00,home-telemetry,device1,13,36
2019-08-28 10:51:00,home-telemetry,device1,13,38
2019-08-28 10:52:00,home-telemetry,device1,12,37
2019-08-28 10:53:00,home-telemetry,device1,11,38
2019-08-28 10:54:00,home-telemetry,device1,12,36
2019-08-28 10:55:00,home-telemetry,device1,11,36
2019-08-28 10:56:00,home-telemetry,device1,12,38
2019-08-28 10:57:00,home-telemetry,device1,13,36
2019-08-28 10:58:00,home-telemetry,device1,14,35
2019-08-28 10:59:00,home-telemetry,device1,13,35
2019-08-28 11:00:00,home-telemetry,device1,14,34
2019-08-28 11:01:00,home-telemetry,device1,13,32
2019-08-28 11:02:00,home-telemetry,device1,14,30
2019-08-28 11:03:00,home-telemetry,device1,14,32
2019-08-28 11:04:00,home-telemetry,device1,14,30
2019-08-28 11:05:00,home-telemetry,device1,13,28
2019-08-28 11:06:00,home-telemetry,device1,12,28
2019-08-28 11:07:00,home-telemetry,device1,13,26
2019-08-28 11:08:00,home-telemetry,device1,12,24
2019-08-28 11:09:00,home-telemetry,device1,13,24
2019-08-28 11:10:00,home-telemetry,device1,13,26
2019-08-28 11:11:00,home-telemetry,device1,13,24
2019-08-28 11:12:00,home-telemetry,device1,14,25
2019-08-28 11:13:00,home-telemetry,device1,14,26
2019-08-28 11:14:00,home-telemetry,device1,14,24
2019-08-28 11:15:00,home-telemetry,device1,14,25
2019-08-28 11:16:00,home-telemetry,device1,14,23
2019-08-28 11:17:00,home-telemetry,device1,13,23
2019-08-28 11:18:00,home-telemetry,device1,13,24
2019-08-28 11:19:00,home-telemetry,device1,12,22
2019-08-28 11:20:00,home-telemetry,device1,13,24
2019-08-28 11:21:00,home-telemetry,device1,13,25
2019-08-28 11:22:00,home-telemetry,device1,14,27
2019-08-28 11:23:00,home-telemetry,device1,13,25
2019-08-28 11:24:00,home-telemetry,device1,13,25
2019-08-28 11:25:00,home-telemetry,device1,13,26
2019-08-28 11:26:00,home-telemetry,device1,14,24
2019-08-28 11:27:00,home-telemetry,device1,15,22
2019-08-28 11:28:00,home-telemetry,device1,15,22
2019-08-28 11:29:00,home-telemetry,device1,14,24
2019-08-28 11:30:00,home-telemetry,device1,14,25
2019-08-28 11:31:00,home-telemetry,device1,15,24
2019-08-28 11:32:00,home-telemetry,device1,16,24
2019-08-28 11:33:00,home-telemetry,device1,16,24
2019-08-28 11:34:00,home-telemetry,device1,15,26
2019-08-28 11:35:00,home-telemetry,device1,14,28
2019-08-28 11:36:00,home-telemetry,device1,15,29
2019-08-28 11:37:00,home-telemetry,device1,16,30
2019-08-28 11:38:00,home-telemetry,device1,16,31
2019-08-28 11:39:00,home-telemetry,device1,16,29
2019-08-28 11:40:00,home-telemetry,device1,16,30
2019-08-28 11:41:00,home-telemetry,device1,16,31
2019-08-28 11:42:00,home-telemetry,device1,15,30
2019-08-28 11:43:00,home-telemetry,device1,16,29
2019-08-28 11:44:00,home-telemetry,device1,16,27
2019-08-28 11:45:00,home-telemetry,device1,17,26
2019-08-28 11:46:00,home-telemetry,device1,16,26
2019-08-28 11:47:00,home-telemetry,device1,16,28
2019-08-28 11:48:00,home-telemetry,device1,16,27
2019-08-28 11:49:00,home-telemetry,device1,17,28
2019-08-28 11:50:00,home-telemetry,device1,17,29
2019-08-28 11:51:00,home-telemetry,device1,16,31
2019-08-28 11:52:00,home-telemetry,device1,17,31
2019-08-28 11:53:00,home-telemetry,device1,17,31
2019-08-28 11:54:00,home-telemetry,device1,17,32
2019-08-28 11:55:00,home-telemetry,device1,18,30
2019-08-28 11:56:00,home-telemetry,device1,17,32
2019-08-28 11:57:00,home-telemetry,device1,16,30
2019-08-28 11:58:00,home-telemetry,device1,17,30
2019-08-28 11:59:00,home-telemetry,device1,18,28
2019-08-28 12:00:00,home-telemetry,device1,18,27
2019-08-28 12:01:00,home-telemetry,device1,18,28
2019-08-28 12:02:00,home-telemetry,device1,18,26
2019-08-28 12:03:00,home-telemetry,device1,19,28
2019-08-28 12:04:00,home-telemetry,device1,20,28
2019-08-28 12:05:00,home-telemetry,device1,21,30
2019-08-28 12:06:00,home-telemetry,device1,21,32
2019-08-28 12:07:00,home-telemetry,device1,22,30
2019-08-28 12:08:00,home-telemetry,device1,21,31
2019-08-28 12:09:00,home-telemetry,device1,22,33
2019-08-28 12:10:00,home-telemetry,device1,21,35
2019-08-28 12:11:00,home-telemetry,device1,21,35
2019-08-28 12:12:00,home-telemetry,device1,21,36
2019-08-28 12:13:00,home-telemetry,device1,21,38
2019-08-28 12:14:00,home-telemetry,device1,20,37
2019-08-28 12:15:00,home-telemetry,device1,19,39
2019-08-28 12:16:00,home-telemetry,device1,18,39
2019-08-28 12:17:00,home-telemetry,device1,19,40
2019-08-28 12:18:00,home-telemetry,device1,19,41
2019-08-28 12:19:00,home-telemetry,device1,20,41
2019-08-28 12:20:00,home-telemetry,device1,20,40
2019-08-28 12:21:00,home-telemetry,device1,19,39
2019-08-28 12:22:00,home-telemetry,device1,20,37
2019-08-28 12:23:00,home-telemetry,device1,21,37
2019-08-28 12:24:00,home-telemetry,device1,20,39
2019-08-28 12:25:00,home-telemetry,device1,19,38
2019-08-28 12:26:00,home-telemetry,device1,20,39
2019-08-28 12:27:00,home-telemetry,device1,19,37
2019-08-28 12:28:00,home-telemetry,device1,19,38
2019-08-28 12:29:00,home-telemetry,device1,19,39
2019-08-28 12:30:00,home-telemetry,device1,19,41
2019-08-28 12:31:00,home-telemetry,device1,20,40
2019-08-28 12:32:00,home-telemetry,device1,21,40
2019-08-28 12:33:00,home-telemetry,device1,20,38
2019-08-28 12:34:00,home-telemetry,device1,19,38
2019-08-28 12:35:00,home-telemetry,device1,20,38
2019-08-28 12:36:00,home-telemetry,device1,21,38
2019-08-28 12:37:00,home-telemetry,device1,22,37
2019-08-28 12:38:00,home-telemetry,device1,21,36
2019-08-28 12:39:00,home-telemetry,device1,21,38
2019-08-28 12:40:00,home-telemetry,device1,22,38
2019-08-28 12:41:00,home-telemetry,device1,23,37
2019-08-28 12:42:00,home-telemetry,device1,22,39
2019-08-28 12:43:00,home-telemetry,device1,23,37
2019-08-28 12:44:00,home-telemetry,device1,22,38
2019-08-28 12:45:00,home-telemetry,device1,21,36
2019-08-28 12:46:00,home-telemetry,device1,20,38
2019-08-28 12:47:00,home-telemetry,device1,21,36
2019-08-28 12:48:00,home-telemetry,device1,22,37
2019-08-28 12:49:00,home-telemetry,device1,22,38
2019-08-28 12:50:00,home-telemetry,device1,22,38
2019-08-28 12:51:00,home-telemetry,device1,23,37
2019-08-28 12:52:00,home-telemetry,device1,23,35
2019-08-28 12:53:00,home-telemetry,device1,24,35
2019-08-28 12:54:00,home-telemetry,device1,24,37
2019-08-28 12:55:00,home-telemetry,device1,24,38
2019-08-28 12:56:00,home-telemetry,device1,24,39
2019-08-28 12:57:00,home-telemetry,device1,25,40
2019-08-28 12:58:00,home-telemetry,device1,24,42
2019-08-28 12:59:00,home-telemetry,device1,24,43
2019-08-28 13:00:00,home-telemetry,device1,24,43
2019-08-28 13:01:00,home-telemetry,device1,24,43
2019-08-28 13:02:00,home-telemetry,device1,23,42
2019-08-28 13:03:00,home-telemetry,device1,24,42
2019-08-28 13:04:00,home-telemetry,device1,23,41
2019-08-28 13:05:00,home-telemetry,device1,24,40
2019-08-28 13:06:00,home-telemetry,device1,23,42
2019-08-28 13:07:00,home-telemetry,device1,24,40
2019-08-28 13:08:00,home-telemetry,device1,25,39
2019-08-28 13:09:00,home-telemetry,device1,26,37
2019-08-28 13:10:00,home-telemetry,device1,27,35
2019-08-28 13:11:00,home-telemetry,device1,27,36
2019-08-28 13:12:00,home-telemetry,device1,27,36
2019-08-28 13:13:00,home-telemetry,device1,28,36
2019-08-28 13:14:00,home-telemetry,device1,29,35
2019-08-28 13:15:00,home-telemetry,device1,29,34
2019-08-28 13:16:00,home-telemetry,device1,29,35
2019-08-28 13:17:00,home-telemetry,device1,29,34
2019-08-28 13:18:00,home-telemetry,device1,28,36
2019-08-28 13:19:00,home-telemetry,device1,29,35
2019-08-28 13:20:00,home-telemetry,device1,30,33
2019-08-28 13:21:00,home-telemetry,device1,29,34
2019-08-28 13:22:00,home-telemetry,device1,30,34
2019-08-28 13:23:00,home-telemetry,device1,30,36
2019-08-28 13:24:00,home-telemetry,device1,30,36
2019-08-28 13:25:00,home-telemetry,device1,30,36
2019-08-28 13:26:00,home-telemetry,device1,30,38
2019-08-28 13:27:00,home-telemetry,device1,31,38
2019-08-28 13:28:00,home-telemetry,device1,31,39
2019-08-28 13:29:00,home-telemetry,device1,31,41
2019-08-28 13:30:00,home-telemetry,device1,31,40
2019-08-28 13:31:00,home-telemetry,device1,30,41
2019-08-28 13:32:00,home-telemetry,device1,29,42
2019-08-28 13:33:00,home-telemetry,device1,29,40
2019-08-28 13:34:00,home-telemetry,device1,30,41
2019-08-28 13:35:00,home-telemetry,device1,29,42
2019-08-28 13:36:00,home-telemetry,device1,28,40
2019-08-28 13:37:00,home-telemetry,device1,28,40
2019-08-28 13:38:00,home-telemetry,device1,28,41
2019-08-28 13:39:00,home-telemetry,device1,27,42
2019-08-28 13:40:00,home-telemetry,device1,28,44
2019-08-28 13:41:00,home-telemetry,device1,28,44
2019-08-28 13:42:00,home-telemetry,device1,27,45
2019-08-28 13:43:00,home-telemetry,device1,26,46
2019-08-28 13:44:00,home-telemetry,device1,27,44
2019-08-28 13:45:00,home-telemetry,device1,27,46
2019-08-28 13:46:00,home-telemetry,device1,26,46
2019-08-28 13:47:00,home-telemetry,device1,26,47
2019-08-28 13:48:00,home-telemetry,device1,26,48
2019-08-28 13:49:00,home-telemetry,device1,26,46
2019-08-28 13:50:00,home-telemetry,device1,25,45
2019-08-28 13:51:00,home-telemetry,device1,26,47
2019-08-28 13:52:00,home-telemetry,device1,25,48
2019-08-28 13:53:00,home-telemetry,device1,24,46
2019-08-28 13:54:00,home-telemetry,device1,24,47
2019-08-28 13:55:00,home-telemetry,device1,25,45
2019-08-28 13:56:00,home-telemetry,device1,24,45
2019-08-28 13:57:00,home-telemetry,device1,23,44
2019-08-28 13:58:00,home-telemetry,device1,24,43
2019-08-28 13:59:00,home-telemetry,device1,24,45
2019-08-28 14:00:00,home-telemetry,device1,25,47
2019-08-28 14:01:00,home-telemetry,device1,26,49
2019-08-28 14:02:00,home-telemetry,device1,25,51
2019-08-28 14:03:00,home-telemetry,device1,25,51
2019-08-28 14:04:00,home-telemetry,device1,26,49
2019-08-28 14:05:00,home-telemetry,device1,25,49
2019-08-28 14:06:00,home-telemetry,device1,26,51
2019-08-28 14:07:00,home-telemetry,device1,26,50
2019-08-28 14:08:00,home-telemetry,device1,26,51
2019-08-28 14:09:00,home-telemetry,device1,27,53
2019-08-28 14:10:00,home-telemetry,device1,26,52
2019-08-28 14:11:00,home-telemetry,device1,25,53
2019-08-28 14:12:00,home-telemetry,device1,24,52
2019-08-28 14:13:00,home-telemetry,device1,24,54
2019-08-28 14:14:00,home-telemetry,device1,23,53
2019-08-28 14:15:00,home-telemetry,device1,22,52
2019-08-28 14:16:00,home-telemetry,device1,21,54
2019-08-28 14:17:00,home-telemetry,device1,20,55
2019-08-28 14:18:00,home-telemetry,device1,21,54
2019-08-28 14:19:00,home-telemetry,device1,21,54
2019-08-28 14:20:00,home-telemetry,device1,22,56
2019-08-28 14:21:00,home-telemetry,device1,21,55
2019-08-28 14:22:00,home-telemetry,device1,22,55
2019-08-28 14:23:00,home-telemetry,device1,23,56
2019-08-28 14:24:00,home-telemetry,device1,22,55
2019-08-28 14:25:00,home-telemetry,device1,21,56
2019-08-28 14:26:00,home-telemetry,device1,21,55
2019-08-28 14:27:00,home-telemetry,device1,22,53
2019-08-28 14:28:00,home-telemetry,device1,22,52
2019-08-28 14:29:00,home-telemetry,device1,23,54
2019-08-28 14:30:00,home-telemetry,device1,24,52
2019-08-28 14:31:00,home-telemetry,device1,23,54
2019-08-28 14:32:00,home-telemetry,device1,22,53
2019-08-28 14:33:00,home-telemetry,device1,23,54
2019-08-28 14:34:00,home-telemetry,device1,24,53
2019-08-28 14:35:00,home-telemetry,device1,24,51
2019-08-28 14:36:00,home-telemetry,device1,25,51
2019-08-28 14:37:00,home-telemetry,device1,26,52
2019-08-28 14:38:00,home-telemetry,device1,25,51
2019-08-28 14:39:00,home-telemetry,device1,26,52
2019-08-28 14:40:00,home-telemetry,device1,27,50
2019-08-28 14:41:00,home-telemetry,device1,26,48
2019-08-28 14:42:00,home-telemetry,device1,27,50
2019-08-28 14:43:00,home-telemetry,device1,27,48
2019-08-28 14:44:00,home-telemetry,device1,26,48
2019-08-28 14:45:00,home-telemetry,device1,25,49
2019-08-28 14:46:00,home-telemetry,device1,26,48
2019-08-28 14:47:00,home-telemetry,device1,25,49
2019-08-28 14:48:00,home-telemetry,device1,26,47
2019-08-28 14:49:00,home-telemetry,device1,26,46
2019-08-28 14:50:00,home-telemetry,device1,27,48
2019-08-28 14:51:00,home-telemetry,device1,28,49
2019-08-28 14:52:00,home-telemetry,device1,29,50
2019-08-28 14:53:00,home-telemetry,device1,28,50
2019-08-28 14:54:00,home-telemetry,device1,27,49
2019-08-28 14:55:00,home-telemetry,device1,27,47
2019-08-28 14:56:00,home-telemetry,device1,26,46
2019-08-28 14:57:00,home-telemetry,device1,27,44
2019-08-28 14:58:00,home-telemetry,device1,26,46
2019-08-28 14:59:00,home-telemetry,device1,25,47
2019-08-28 15:00:00,home-telemetry,device1,25,46
2019-08-28 15:01:00,home-telemetry,device1,26,47
2019-08-28 15:02:00,home-telemetry,device1,26,48
2019-08-28 15:03:00,home-telemetry,device1,25,48
2019-08-28 15:04:00,home-telemetry,device1,25,50
2019-08-28 15:05:00,home-telemetry,device1,25,50
2019-08-28 15:06:00,home-telemetry,device1,24,49
2019-08-28 15:07:00,home-telemetry,device1,23,48
2019-08-28 15:08:00,home-telemetry,device1,22,47
2019-08-28 15:09:00,home-telemetry,device1,21,46
2019-08-28 15:10:00,home-telemetry,device1,21,45
2019-08-28 15:11:00,home-telemetry,device1,22,44
2019-08-28 15:12:00,home-telemetry,device1,23,46
2019-08-28 15:13:00,home-telemetry,device1,22,45
2019-08-28 15:14:00,home-telemetry,device1,23,44
2019-08-28 15:15:00,home-telemetry,device1,22,42
2019-08-28 15:16:00,home-telemetry,device1,23,43
2019-08-28 15:17:00,home-telemetry,device1,24,42
2019-08-28 15:18:00,home-telemetry,device1,25,43
2019-08-28 15:19:00,home-telemetry,device1,25,43
2019-08-28 15:20:00,home-telemetry,device1,25,45
2019-08-28 15:21:00,home-telemetry,device1,25,47
2019-08-28 15:22:00,home-telemetry,device1,25,49
2019-08-28 15:23:00,home-telemetry,device1,25,49
2019-08-28 15:24:00,home-telemetry,device1,26,50
2019-08-28 15:25:00,home-telemetry,device1,25,49
2019-08-28 15:26:00,home-telemetry,device1,25,48
2019-08-28 15:27:00,home-telemetry,device1,24,50
2019-08-28 15:28:00,home-telemetry,device1,23,50
2019-08-28 15:29:00,home-telemetry,device1,22,50
2019-08-28 15:30:00,home-telemetry,device1,22,52
2019-08-28 15:31:00,home-telemetry,device1,23,52
2019-08-28 15:32:00,home-telemetry,device1,23,52
2019-08-28 15:33:00,home-telemetry,device1,24,51
2019-08-28 15:34:00,home-telemetry,device1,25,50
2019-08-28 15:35:00,home-telemetry,device1,26,52
2019-08-28 15:36:00,home-telemetry,device1,27,51
2019-08-28 15:37:00,home-telemetry,device1,28,49
2019-08-28 15:38:00,home-telemetry,device1,28,50
2019-08-28 15:39:00,home-telemetry,device1,29,52
2019-08-28 15:40:00,home-telemetry,device1,28,52
2019-08-28 15:41:00,home-telemetry,device1,27,52
2019-08-28 15:42:00,home-telemetry,device1,27,51
2019-08-28 15:43:00,home-telemetry,device1,27,50
2019-08-28 15:44:00,home-telemetry,device1,28,50
2019-08-28 15:45:00,home-telemetry,device1,29,51
2019-08-28 15:46:00,home-telemetry,device1,29,49
2019-08-28 15:47:00,home-telemetry,device1,28,48
2019-08-28 15:48:00,home-telemetry,device1,29,49
2019-08-28 15:49:00,home-telemetry,device1,29,49
2019-08-28 15:50:00,home-telemetry,device1,29,50
2019-08-28 15:51:00,home-telemetry,device1,28,51
2019-08-28 15:52:00,home-telemetry,device1,29,53
2019-08-28 15:53:00,home-telemetry,device1,28,51
2019-08-28 15:54:00,home-telemetry,device1,28,51
2019-08-28 15:55:00,home-telemetry,device1,28,53
2019-08-28 15:56:00,home-telemetry,device1,29,53
2019-08-28 15:57:00,home-telemetry,device1,28,54
2019-08-28 15:58:00,home-telemetry,device1,28,53
2019-08-28 15:59:00,home-telemetry,device1,27,54
2019-08-28 16:00:00,home-telemetry,device1,27,53
2019-08-28 16:01:00,home-telemetry,device1,27,52
2019-08-28 16:02:00,home-telemetry,device1,26,54
2019-08-28 16:03:00,home-telemetry,device1,25,56
2019-08-28 16:04:00,home-telemetry,device1,24,58
2019-08-28 16:05:00,home-telemetry,device1,24,57
2019-08-28 16:06:00,home-telemetry,device1,24,59
2019-08-28 16:07:00,home-telemetry,device1,24,61
2019-08-28 16:08:00,home-telemetry,device1,23,61
2019-08-28 16:09:00,home-telemetry,device1,22,60
2019-08-28 16:10:00,home-telemetry,device1,21,58
2019-08-28 16:11:00,home-telemetry,device1,22,57
2019-08-28 16:12:00,home-telemetry,device1,21,58
2019-08-28 16:13:00,home-telemetry,device1,22,60
2019-08-28 16:14:00,home-telemetry,device1,21,58
2019-08-28 16:15:00,home-telemetry,device1,22,56
2019-08-28 16:16:00,home-telemetry,device1,21,58
2019-08-28 16:17:00,home-telemetry,device1,22,56
2019-08-28 16:18:00,home-telemetry,device1,22,54
2019-08-28 16:19:00,home-telemetry,device1,23,52
2019-08-28 16:20:00,home-telemetry,device1,24,53
2019-08-28 16:21:00,home-telemetry,device1,23,51
2019-08-28 16:22:00,home-telemetry,device1,23,49
2019-08-28 16:23:00,home-telemetry,device1,22,48
2019-08-28 16:24:00,home-telemetry,device1,22,47
2019-08-28 16:25:00,home-telemetry,device1,22,46
2019-08-28 16:26:00,home-telemetry,device1,22,45
2019-08-28 16:27:00,home-telemetry,device1,22,45
2019-08-28 16:28:00,home-telemetry,device1,23,44
2019-08-28 16:29:00,home-telemetry,device1,22,43
2019-08-28 16:30:00,home-telemetry,device1,21,45
2019-08-28 16:31:00,home-telemetry,device1,20,44
2019-08-28 16:32:00,home-telemetry,device1,20,45
2019-08-28 16:33:00,home-telemetry,device1,21,43
2019-08-28 16:34:00,home-telemetry,device1,22,41
2019-08-28 16:35:00,home-telemetry,device1,23,43
2019-08-28 16:36:00,home-telemetry,device1,22,43
2019-08-28 16:37:00,home-telemetry,device1,23,45
2019-08-28 16:38:00,home-telemetry,device1,22,45
2019-08-28 16:39:00,home-telemetry,device1,22,46
2019-08-28 16:40:00,home-telemetry,device1,23,44
2019-08-28 16:41:00,home-telemetry,device1,24,46
2019-08-28 16:42:00,home-telemetry,device1,24,45
2019-08-28 16:43:00,home-telemetry,device1,23,44
2019-08-28 16:44:00,home-telemetry,device1,24,46
2019-08-28 16:45:00,home-telemetry,device1,24,44
2019-08-28 16:46:00,home-telemetry,device1,24,46
2019-08-28 16:47:00,home-telemetry,device1,25,48
2019-08-28 16:48:00,home-telemetry,device1,26,47
2019-08-28 16:49:00,home-telemetry,device1,25,46
2019-08-28 16:50:00,home-telemetry,device1,26,46
2019-08-28 16:51:00,home-telemetry,device1,26,45
2019-08-28 16:52:00,home-telemetry,device1,27,45
2019-08-28 16:53:00,home-telemetry,device1,28,44
2019-08-28 16:54:00,home-telemetry,device1,27,45
2019-08-28 16:55:00,home-telemetry,device1,26,44
2019-08-28 16:56:00,home-telemetry,device1,26,42
2019-08-28 16:57:00,home-telemetry,device1,26,41
2019-08-28 16:58:00,home-telemetry,device1,27,41
2019-08-28 16:59:00,home-telemetry,device1,27,41
2019-08-28 17:00:00,home-telemetry,device1,26,42
2019-08-28 17:01:00,home-telemetry,device1,26,44
2019-08-28 17:02:00,home-telemetry,device1,26,45
2019-08-28 17:03:00,home-telemetry,device1,27,44
2019-08-28 17:04:00,home-telemetry,device1,26,46
2019-08-28 17:05:00,home-telemetry,device1,26,46
2019-08-28 17:06:00,home-telemetry,device1,26,47
2019-08-28 17:07:00,home-telemetry,device1,26,46
2019-08-28 17:08:00,home-telemetry,device1,27,48
2019-08-28 17:09:00,home-telemetry,device1,28,49
2019-08-28 17:10:00,home-telemetry,device1,27,48
2019-08-28 17:11:00,home-telemetry,device1,28,48
2019-08-28 17:12:00,home-telemetry,device1,29,47
2019-08-28 17:13:00,home-telemetry,device1,28,49
2019-08-28 17:14:00,home-telemetry,device1,28,50
2019-08-28 17:15:00,home-telemetry,device1,27,52
2019-08-28 17:16:00,home-telemetry,device1,26,51
2019-08-28 17:17:00,home-telemetry,device1,26,50
2019-08-28 17:18:00,home-telemetry,device1,25,51
2019-08-28 17:19:00,home-telemetry,device1,25,53
2019-08-28 17:20:00,home-telemetry,device1,26,51
2019-08-28 17:21:00,home-telemetry,device1,26,53
2019-08-28 17:22:00,home-telemetry,device1,27,55
2019-08-28 17:23:00,home-telemetry,device1,26,54
2019-08-28 17:24:00,home-telemetry,device1,27,54
2019-08-28 17:25:00,home-telemetry,device1,26,54
2019-08-28 17:26:00,home-telemetry,device1,27,55
2019-08-28 17:27:00,home-telemetry,device1,28,53
2019-08-28 17:28:00,home-telemetry,device1,29,51
2019-08-28 17:29:00,home-telemetry,device1,30,50
2019-08-28 17:30:00,home-telemetry,device1,30,49
2019-08-28 17:31:00,home-telemetry,device1,29,51
2019-08-28 17:32:00,home-telemetry,device1,30,50
2019-08-28 17:33:00,home-telemetry,device1,31,51
2019-08-28 17:34:00,home-telemetry,device1,32,53
2019-08-28 17:35:00,home-telemetry,device1,33,51
2019-08-28 17:36:00,home-telemetry,device1,33,51
2019-08-28 17:37:00,home-telemetry,device1,33,52
2019-08-28 17:38:00,home-telemetry,device1,34,54
2019-08-28 17:39:00,home-telemetry,device1,34,56
2019-08-28 17:40:00,home-telemetry,device1,35,54
2019-08-28 17:41:00,home-telemetry,device1,35,52
2019-08-28 17:42:00,home-telemetry,device1,36,53
2019-08-28 17:43:00,home-telemetry,device1,35,52
2019-08-28 17:44:00,home-telemetry,device1,36,50
2019-08-28 17:45:00,home-telemetry,device1,36,50
2019-08-28 17:46:00,home-telemetry,device1,35,50
2019-08-28 17:47:00,home-telemetry,device1,35,51
2019-08-28 17:48:00,home-telemetry,device1,34,51
2019-08-28 17:49:00,home-telemetry,device1,33,53
2019-08-28 17:50:00,home-telemetry,device1,33,53
2019-08-28 17:51:00,home-telemetry,device1,33,52
2019-08-28 17:52:00,home-telemetry,device1,33,51
2019-08-28 17:53:00,home-telemetry,device1,34,53
2019-08-28 17:54:00,home-telemetry,device1,33,53
2019-08-28 17:55:00,home-telemetry,device1,33,54
2019-08-28 17:56:00,home-telemetry,device1,32,54
2019-08-28 17:57:00,home-telemetry,device1,31,52
2019-08-28 17:58:00,home-telemetry,device1,31,52
2019-08-28 17:59:00,home-telemetry,device1,31,52
2019-08-28 18:00:00,home-telemetry,device1,32,50
2019-08-28 18:01:00,home-telemetry,device1,32,52
2019-08-28 18:02:00,home-telemetry,device1,32,54
2019-08-28 18:03:00,home-telemetry,device1,33,53
2019-08-28 18:04:00,home-telemetry,device1,33,55
2019-08-28 18:05:00,home-telemetry,device1,32,56
2019-08-28 18:06:00,home-telemetry,device1,33,56
2019-08-28 18:07:00,home-telemetry,device1,34,54
2019-08-28 18:08:00,home-telemetry,device1,34,52
2019-08-28 18:09:00,home-telemetry,device1,34,53
2019-08-28 18:10:00,home-telemetry,device1,33,53
2019-08-28 18:11:00,home-telemetry,device1,33,51
2019-08-28 18:12:00,home-telemetry,device1,33,51
2019-08-28 18:13:00,home-telemetry,device1,33,51
2019-08-28 18:14:00,home-telemetry,device1,34,53
2019-08-28 18:15:00,home-telemetry,device1,33,54
2019-08-28 18:16:00,home-telemetry,device1,33,54
2019-08-28 18:17:00,home-telemetry,device1,33,55
2019-08-28 18:18:00,home-telemetry,device1,32,54
2019-08-28 18:19:00,home-telemetry,device1,32,56
2019-08-28 18:20:00,home-telemetry,device1,31,54
2019-08-28 18:21:00,home-telemetry,device1,32,56
2019-08-28 18:22:00,home-telemetry,device1,31,54
2019-08-28 18:23:00,home-telemetry,device1,31,56
2019-08-28 18:24:00,home-telemetry,device1,31,58
2019-08-28 18:25:00,home-telemetry,device1,32,60
2019-08-28 18:26:00,home-telemetry,device1,31,62
2019-08-28 18:27:00,home-telemetry,device1,31,62
2019-08-28 18:28:00,home-telemetry,device1,32,62
2019-08-28 18:29:00,home-telemetry,device1,31,60
2019-08-28 18:30:00,home-telemetry,device1,31,62
2019-08-28 18:31:00,home-telemetry,device1,32,63
2019-08-28 18:32:00,home-telemetry,device1,31,65
2019-08-28 18:33:00,home-telemetry,device1,31,67
2019-08-28 18:34:00,home-telemetry,device1,30,66
2019-08-28 18:35:00,home-telemetry,device1,29,64
2019-08-28 18:36:00,home-telemetry,device1,29,65
2019-08-28 18:37:00,home-telemetry,device1,30,65
2019-08-28 18:38:00,home-telemetry,device1,30,65
2019-08-28 18:39:00,home-telemetry,device1,29,64
2019-08-28 18:40:00,home-telemetry,device1,29,64
2019-08-28 18:41:00,home-telemetry,device1,28,65
2019-08-28 18:42:00,home-telemetry,device1,27,66
2019-08-28 18:43:00,home-telemetry,device1,26,65
2019-08-28 18:44:00,home-telemetry,device1,25,63
2019-08-28 18:45:00,home-telemetry,device1,26,62
2019-08-28 18:46:00,home-telemetry,device1,27,64
2019-08-28 18:47:00,home-telemetry,device1,26,62
2019-08-28 18:48:00,home-telemetry,device1,25,60
2019-08-28 18:49:00,home-telemetry,device1,25,61
2019-08-28 18:50:00,home-telemetry,device1,26,60
2019-08-28 18:51:00,home-telemetry,device1,26,58
2019-08-28 18:52:00,home-telemetry,device1,27,60
2019-08-28 18:53:00,home-telemetry,device1,28,62
2019-08-28 18:54:00,home-telemetry,device1,29,64
2019-08-28 18:55:00,home-telemetry,device1,28,62
2019-08-28 18:56:00,home-telemetry,device1,29,64
2019-08-28 18:57:00,home-telemetry,device1,30,65
2019-08-28 18:58:00,home-telemetry,device1,30,63
2019-08-28 18:59:00,home-telemetry,device1,31,63
2019-08-28 19:00:00,home-telemetry,device1,31,62
2019-08-28 19:01:00,home-telemetry,device1,32,64
2019-08-28 19:02:00,home-telemetry,device1,32,64
2019-08-28 19:03:00,home-telemetry,device1,32,62
2019-08-28 19:04:00,home-telemetry,device1,31,62
2019-08-28 19:05:00,home-telemetry,device1,30,62
2019-08-28 19:06:00,home-telemetry,device1,30,64
2019-08-28 19:07:00,home-telemetry,device1,29,63
2019-08-28 19:08:00,home-telemetry,device1,29,65
2019-08-28 19:09:00,home-telemetry,device1,29,65
2019-08-28 19:10:00,home-telemetry,device1,28,66
2019-08-28 19:11:00,home-telemetry,device1,28,68
2019-08-28 19:12:00,home-telemetry,device1,27,66
2019-08-28 19:13:00,home-telemetry,device1,27,66
2019-08-28 19:14:00,home-telemetry,device1,27,68
2019-08-28 19:15:00,home-telemetry,device1,26,67
2019-08-28 19:16:00,home-telemetry,device1,25,65
2019-08-28 19:17:00,home-telemetry,device1,25,64
2019-08-28 19:18:00,home-telemetry,device1,26,65
2019-08-28 19:19:00,home-telemetry,device1,25,67
2019-08-28 19:20:00,home-telemetry,device1,24,66
2019-08-28 19:21:00,home-telemetry,device1,24,64
2019-08-28 19:22:00,home-telemetry,device1,23,63
2019-08-28 19:23:00,home-telemetry,device1,23,63
2019-08-28 19:24:00,home-telemetry,device1,24,62
2019-08-28 19:25:00,home-telemetry,device1,25,62
2019-08-28 19:26:00,home-telemetry,device1,26,64
2019-08-28 19:27:00,home-telemetry,device1,25,64
2019-08-28 19:28:00,home-telemetry,device1,24,66
2019-08-28 19:29:00,home-telemetry,device1,23,68
2019-08-28 19:30:00,home-telemetry,device1,22,69
2019-08-28 19:31:00,home-telemetry,device1,22,70
2019-08-28 19:32:00,home-telemetry,device1,22,69
2019-08-28 19:33:00,home-telemetry,device1,21,67
2019-08-28 19:34:00,home-telemetry,device1,20,67
2019-08-28 19:35:00,home-telemetry,device1,20,69
2019-08-28 19:36:00,home-telemetry,device1,21,69
2019-08-28 19:37:00,home-telemetry,device1,21,69
2019-08-28 19:38:00,home-telemetry,device1,21,70
2019-08-28 19:39:00,home-telemetry,device1,21,69
2019-08-28 19:40:00,home-telemetry,device1,20,70
2019-08-28 19:41:00,home-telemetry,device1,21,70
2019-08-28 19:42:00,home-telemetry,device1,21,68
2019-08-28 19:43:00,home-telemetry,device1,22,70
2019-08-28 19:44:00,home-telemetry,device1,22,70
2019-08-28 19:45:00,home-telemetry,device1,21,70
2019-08-28 19:46:00,home-telemetry,device1,21,72
2019-08-28 19:47:00,home-telemetry,device1,20,72
2019-08-28 19:48:00,home-telemetry,device1,20,74
2019-08-28 19:49:00,home-telemetry,device1,21,73
2019-08-28 19:50:00,home-telemetry,device1,22,73
2019-08-28 19:51:00,home-telemetry,device1,22,72
2019-08-28 19:52:00,home-telemetry,device1,22,74
2019-08-28 19:53:00,home-telemetry,device1,22,74
2019-08-28 19:54:00,home-telemetry,device1,23,74
2019-08-28 19:55:00,home-telemetry,device1,22,74
2019-08-28 19:56:00,home-telemetry,device1,23,76
2019-08-28 19:57:00,home-telemetry,device1,23,76
2019-08-28 19:58:00,home-telemetry,device1,24,75
2019-08-28 19:59:00,home-telemetry,device1,23,75
2019-08-28 20:00:00,home-telemetry,device1,23,73
2019-08-28 20:01:00,home-telemetry,device1,22,73
2019-08-28 20:02:00,home-telemetry,device1,23,71
2019-08-28 20:03:00,home-telemetry,device1,24,72
2019-08-28 20:04:00,home-telemetry,device1,23,71
2019-08-28 20:05:00,home-telemetry,device1,23,71
2019-08-28 20:06:00,home-telemetry,device1,23,71
2019-08-28 20:07:00,home-telemetry,device1,24,72
2019-08-28 20:08:00,home-telemetry,device1,25,74
2019-08-28 20:09:00,home-telemetry,device1,25,72
2019-08-28 20:10:00,home-telemetry,device1,24,70
2019-08-28 20:11:00,home-telemetry,device1,24,70
2019-08-28 20:12:00,home-telemetry,device1,24,69
2019-08-28 20:13:00,home-telemetry,device1,24,70
2019-08-28 20:14:00,home-telemetry,device1,25,69
2019-08-28 20:15:00,home-telemetry,device1,25,71
2019-08-28 20:16:00,home-telemetry,device1,25,72
2019-08-28 20:17:00,home-telemetry,device1,25,72
2019-08-28 20:18:00,home-telemetry,device1,24,70
2019-08-28 20:19:00,home-telemetry,device1,25,68
2019-08-28 20:20:00,home-telemetry,device1,26,68
2019-08-28 20:21:00,home-telemetry,device1,25,66
2019-08-28 20:22:00,home-telemetry,device1,25,67
2019-08-28 20:23:00,home-telemetry,device1,26,68
2019-08-28 20:24:00,home-telemetry,device1,27,69
2019-08-28 20:25:00,home-telemetry,device1,28,69
2019-08-28 20:26:00,home-telemetry,device1,29,70
2019-08-28 20:27:00,home-telemetry,device1,30,72
2019-08-28 20:28:00,home-telemetry,device1,31,71
2019-08-28 20:29:00,home-telemetry,device1,31,70
2019-08-28 20:30:00,home-telemetry,device1,30,71
2019-08-28 20:31:00,home-telemetry,device1,29,71
2019-08-28 20:32:00,home-telemetry,device1,30,69
2019-08-28 20:33:00,home-telemetry,device1,31,69
2019-08-28 20:34:00,home-telemetry,device1,31,71
2019-08-28 20:35:00,home-telemetry,device1,31,72
2019-08-28 20:36:00,home-telemetry,device1,30,72
2019-08-28 20:37:00,home-telemetry,device1,30,73
2019-08-28 20:38:00,home-telemetry,device1,31,75
2019-08-28 20:39:00,home-telemetry,device1,30,74
2019-08-28 20:40:00,home-telemetry,device1,31,76
2019-08-28 20:41:00,home-telemetry,device1,32,74
2019-08-28 20:42:00,home-telemetry,device1,31,74
2019-08-28 20:43:00,home-telemetry,device1,31,72
2019-08-28 20:44:00,home-telemetry,device1,30,72
2019-08-28 20:45:00,home-telemetry,device1,31,73
2019-08-28 20:46:00,home-telemetry,device1,30,71
2019-08-28 20:47:00,home-telemetry,device1,30,69
2019-08-28 20:48:00,home-telemetry,device1,29,71
2019-08-28 20:49:00,home-telemetry,device1,28,71
2019-08-28 20:50:00,home-telemetry,device1,29,69
2019-08-28 20:51:00,home-telemetry,device1,29,70
2019-08-28 20:52:00,home-telemetry,device1,30,71
2019-08-28 20:53:00,home-telemetry,device1,29,73
2019-08-28 20:54:00,home-telemetry,device1,30,72
2019-08-28 20:55:00,home-telemetry,device1,30,70
2019-08-28 20:56:00,home-telemetry,device1,30,69
2019-08-28 20:57:00,home-telemetry,device1,31,70
2019-08-28 20:58:00,home-telemetry,device1,32,70
2019-08-28 20:59:00,home-telemetry,device1,32,69
2019-08-28 21:00:00,home-telemetry,device1,32,70
2019-08-28 21:01:00,home-telemetry,device1,31,68
2019-08-28 21:02:00,home-telemetry,device1,30,69
2019-08-28 21:03:00,home-telemetry,device1,29,68
2019-08-28 21:04:00,home-telemetry,device1,30,70
2019-08-28 21:05:00,home-telemetry,device1,31,68
2019-08-28 21:06:00,home-telemetry,device1,31,70
2019-08-28 21:07:00,home-telemetry,device1,32,68
2019-08-28 21:08:00,home-telemetry,device1,31,67
2019-08-28 21:09:00,home-telemetry,device1,30,68
2019-08-28 21:10:00,home-telemetry,device1,31,70
2019-08-28 21:11:00,home-telemetry,device1,31,69
2019-08-28 21:12:00,home-telemetry,device1,32,68
2019-08-28 21:13:00,home-telemetry,device1,33,68
2019-08-28 21:14:00,home-telemetry,device1,34,69
2019-08-28 21:15:00,home-telemetry,device1,33,68
2019-08-28 21:16:00,home-telemetry,device1,32,66
2019-08-28 21:17:00,home-telemetry,device1,31,64
2019-08-28 21:18:00,home-telemetry,device1,32,62
2019-08-28 21:19:00,home-telemetry,device1,32,62
2019-08-28 21:20:00,home-telemetry,device1,31,60
2019-08-28 21:21:00,home-telemetry,device1,30,61
2019-08-28 21:22:00,home-telemetry,device1,31,59
2019-08-28 21:23:00,home-telemetry,device1,31,57
2019-08-28 21:24:00,home-telemetry,device1,30,56
2019-08-28 21:25:00,home-telemetry,device1,31,54
2019-08-28 21:26:00,home-telemetry,device1,32,54
2019-08-28 21:27:00,home-telemetry,device1,33,54
2019-08-28 21:28:00,home-telemetry,device1,34,53
2019-08-28 21:29:00,home-telemetry,device1,35,51
2019-08-28 21:30:00,home-telemetry,device1,35,53
2019-08-28 21:31:00,home-telemetry,device1,35,53
2019-08-28 21:32:00,home-telemetry,device1,36,53
2019-08-28 21:33:00,home-telemetry,device1,37,54
2019-08-28 21:34:00,home-telemetry,device1,37,56
2019-08-28 21:35:00,home-telemetry,device1,36,57
2019-08-28 21:36:00,home-telemetry,device1,37,58
2019-08-28 21:37:00,home-telemetry,device1,38,58
2019-08-28 21:38:00,home-telemetry,device1,39,56
2019-08-28 21:39:00,home-telemetry,device1,38,56
2019-08-28 21:40:00,home-telemetry,device1,39,54
2019-08-28 21:41:00,home-telemetry,device1,38,52
2019-08-28 21:42:00,home-telemetry,device1,37,50
2019-08-28 21:43:00,home-telemetry,device1,38,48
2019-08-28 21:44:00,home-telemetry,device1,39,49
2019-08-28 21:45:00,home-telemetry,device1,38,48
2019-08-28 21:46:00,home-telemetry,device1,38,46
2019-08-28 21:47:00,home-telemetry,device1,38,48
2019-08-28 21:48:00,home-telemetry,device1,37,50
2019-08-28 21:49:00,home-telemetry,device1,37,48
2019-08-28 21:50:00,home-telemetry,device1,37,48
2019-08-28 21:51:00,home-telemetry,device1,36,49
2019-08-28 21:52:00,home-telemetry,device1,37,49
2019-08-28 21:53:00,home-telemetry,device1,37,49
2019-08-28 21:54:00,home-telemetry,device1,38,48
2019-08-28 21:55:00,home-telemetry,device1,38,47
2019-08-28 21:56:00,home-telemetry,device1,37,46
2019-08-28 21:57:00,home-telemetry,device1,36,45
2019-08-28 21:58:00,home-telemetry,device1,37,43
2019-08-28 21:59:00,home-telemetry,device1,38,42
2019-08-28 22:00:00,home-telemetry,device1,37,42
2019-08-28 22:01:00,home-telemetry,device1,38,44
2019-08-28 22:02:00,home-telemetry,device1,37,42
2019-08-28 22:03:00,home-telemetry,device1,38,44
2019-08-28 22:04:00,home-telemetry,device1,38,45
2019-08-28 22:05:00,home-telemetry,device1,39,47
2019-08-28 22:06:00,home-telemetry,device1,40,48
2019-08-28 22:07:00,home-telemetry,device1,39,48
2019-08-28 22:08:00,home-telemetry,device1,40,47
2019-08-28 22:09:00,home-telemetry,device1,39,45
2019-08-28 22:10:00,home-telemetry,device1,39,44
2019-08-28 22:11:00,home-telemetry,device1,39,46
2019-08-28 22:12:00,home-telemetry,device1,39,46
2019-08-28 22:13:00,home-telemetry,device1,40,46
2019-08-28 22:14:00,home-telemetry,device1,40,48
2019-08-28 22:15:00,home-telemetry,device1,39,47
2019-08-28 22:16:00,home-telemetry,device1,39,48
2019-08-28 22:17:00,home-telemetry,device1,39,50
2019-08-28 22:18:00,home-telemetry,device1,39,52
2019-08-28 22:19:00,home-telemetry,device1,38,51
2019-08-28 22:20:00,home-telemetry,device1,39,53
2019-08-28 22:21:00,home-telemetry,device1,38,52
2019-08-28 22:22:00,home-telemetry,device1,38,54
2019-08-28 22:23:00,home-telemetry,device1,39,56
2019-08-28 22:24:00,home-telemetry,device1,39,55
2019-08-28 22:25:00,home-telemetry,device1,38,54
2019-08-28 22:26:00,home-telemetry,device1,37,53
2019-08-28 22:27:00,home-telemetry,device1,38,51
2019-08-28 22:28:00,home-telemetry,device1,38,51
2019-08-28 22:29:00,home-telemetry,device1,37,50
2019-08-28 22:30:00,home-telemetry,device1,37,49
2019-08-28 22:31:00,home-telemetry,device1,38,49
2019-08-28 22:32:00,home-telemetry,device1,38,48
2019-08-28 22:33:00,home-telemetry,device1,37,50
2019-08-28 22:34:00,home-telemetry,device1,36,49
2019-08-28 22:35:00,home-telemetry,device1,36,50
2019-08-28 22:36:00,home-telemetry,device1,36,52
2019-08-28 22:37:00,home-telemetry,device1,36,51
2019-08-28 22:38:00,home-telemetry,device1,36,49
2019-08-28 22:39:00,home-telemetry,device1,37,50
2019-08-28 22:40:00,home-telemetry,device1,38,48
2019-08-28 22:41:00,home-telemetry,device1,38,46
2019-08-28 22:42:00,home-telemetry,device1,39,44
2019-08-28 22:43:00,home-telemetry,device1,39,45
2019-08-28 22:44:00,home-telemetry,device1,38,47
2019-08-28 22:45:00,home-telemetry,device1,39,48
2019-08-28 22:46:00,home-telemetry,device1,40,47
2019-08-28 22:47:00,home-telemetry,device1,39,46
2019-08-28 22:48:00,home-telemetry,device1,39,47
2019-08-28 22:49:00,home-telemetry,device1,38,45
2019-08-28 22:50:00,home-telemetry,device1,38,44
2019-08-28 22:51:00,home-telemetry,device1,38,43
2019-08-28 22:52:00,home-telemetry,device1,39,41
2019-08-28 22:53:00,home-telemetry,device1,40,42
2019-08-28 22:54:00,home-telemetry,device1,40,44
2019-08-28 22:55:00,home-telemetry,device1,40,44
2019-08-28 22:56:00,home-telemetry,device1,38,42
2019-08-28 22:57:00,home-telemetry,device1,37,43
2019-08-28 22:58:00,home-telemetry,device1,36,43
2019-08-28 22:59:00,home-telemetry,device1,35,44
2019-08-28 23:00:00,home-telemetry,device1,36,45
2019-08-28 23:01:00,home-telemetry,device1,35,46
2019-08-28 23:02:00,home-telemetry,device1,36,44
2019-08-28 23:03:00,home-telemetry,device1,36,42
2019-08-28 23:04:00,home-telemetry,device1,37,42
2019-08-28 23:05:00,home-telemetry,device1,36,44
2019-08-28 23:06:00,home-telemetry,device1,35,43
2019-08-28 23:07:00,home-telemetry,device1,35,43
2019-08-28 23:08:00,home-telemetry,device1,36,43
2019-08-28 23:09:00,home-telemetry,device1,37,41
2019-08-28 23:10:00,home-telemetry,device1,36,42
2019-08-28 23:11:00,home-telemetry,device1,36,43
2019-08-28 23:12:00,home-telemetry,device1,36,42
2019-08-28 23:13:00,home-telemetry,device1,37,40
2019-08-28 23:14:00,home-telemetry,device1,37,42
2019-08-28 23:15:00,home-telemetry,device1,37,42
2019-08-28 23:16:00,home-telemetry,device1,37,43
2019-08-28 23:17:00,home-telemetry,device1,36,44
2019-08-28 23:18:00,home-telemetry,device1,37,45
2019-08-28 23:19:00,home-telemetry,device1,36,46
2019-08-28 23:20:00,home-telemetry,device1,36,44
2019-08-28 23:21:00,home-telemetry,device1,35,46
2019-08-28 23:22:00,home-telemetry,device1,34,47
2019-08-28 23:23:00,home-telemetry,device1,35,45
2019-08-28 23:24:00,home-telemetry,device1,34,43
2019-08-28 23:25:00,home-telemetry,device1,35,45
2019-08-28 23:26:00,home-telemetry,device1,34,43
2019-08-28 23:27:00,home-telemetry,device1,33,43
2019-08-28 23:28:00,home-telemetry,device1,34,42
2019-08-28 23:29:00,home-telemetry,device1,33,42
2019-08-28 23:30:00,home-telemetry,device1,33,41
2019-08-28 23:31:00,home-telemetry,device1,34,41
2019-08-28 23:32:00,home-telemetry,device1,34,41
2019-08-28 23:33:00,home-telemetry,device1,34,42
2019-08-28 23:34:00,home-telemetry,device1,33,41
2019-08-28 23:35:00,home-telemetry,device1,33,43
2019-08-28 23:36:00,home-telemetry,device1,33,42
2019-08-28 23:37:00,home-telemetry,device1,32,42
2019-08-28 23:38:00,home-telemetry,device1,31,43
2019-08-28 23:39:00,home-telemetry,device1,32,41
2019-08-28 23:40:00,home-telemetry,device1,33,40
2019-08-28 23:41:00,home-telemetry,device1,34,38
2019-08-28 23:42:00,home-telemetry,device1,34,36
2019-08-28 23:43:00,home-telemetry,device1,35,34
2019-08-28 23:44:00,home-telemetry,device1,36,36
2019-08-28 23:45:00,home-telemetry,device1,36,37
2019-08-28 23:46:00,home-telemetry,device1,36,38
2019-08-28 23:47:00,home-telemetry,device1,35,40
2019-08-28 23:48:00,home-telemetry,device1,34,38
2019-08-28 23:49:00,home-telemetry,device1,34,36
2019-08-28 23:50:00,home-telemetry,device1,33,35
2019-08-28 23:51:00,home-telemetry,device1,32,35
2019-08-28 23:52:00,home-telemetry,device1,33,34
2019-08-28 23:53:00,home-telemetry,device1,34,33
2019-08-28 23:54:00,home-telemetry,device1,34,31
2019-08-28 23:55:00,home-telemetry,device1,34,32
2019-08-28 23:56:00,home-telemetry,device1,35,34
2019-08-28 23:57:00,home-telemetry,device1,34,36
2019-08-28 23:58:00,home-telemetry,device1,33,34
2019-08-28 23:59:00,home-telemetry,device1,34,33