2019-08-28T00:00:00+00:00,home-telemetry,device1,20,40
2019-08-28T00:01:00+00:00,home-telemetry,device1,19,41
2019-08-28T00:02:00+00:00,home-telemetry,device1,18,40
2019-08-28T00:03:00+00:00,home-telemetry,device1,17,42
2019-08-28T00:04:00+00:00,home-telemetry,device1,18,43
2019-08-28T00:05:00+00:00,home-telemetry,device1,18,42
2019-08-28T00:06:00+00:00,home-telemetry,device1,17,42
2019-08-28T00:07:00+00:00,home-telemetry,device1,18,40
2019-08-28T00:08:00+00:00,home-telemetry,device1,17,42
2019-08-28T00:09:00+00:00,home-telemetry,device1,16,43
2019-08-28T00:10:00+00:00,home-telemetry,device1,17,44
2019-08-28T00:11:00+00:00,home-telemetry,device1,17,46
2019-08-28T00:12:00+00:00,home-telemetry,device1,17,48
2019-08-28T00:13:00+00:00,home-telemetry,device1,17,49
2019-08-28T00:14:00+00:00,home-telemetry,device1,17,49
2019-08-28T00:15:00+00:00,home-telemetry,device1,16,47
2019-08-28T00:16:00+00:00,home-telemetry,device1,16,47
2019-08-28T00:17:00+00:00,home-telemetry,device1,16,46
2019-08-28T00:18:00+00:00,home-telemetry,device1,17,48
2019-08-28T00:19:00+00:00,home-telemetry,device1,16,50
2019-08-28T00:20:00+00:00,home-telemetry,device1,15,48
2019-08-28T00:21:00+00:00,home-telemetry,device1,14,49
2019-08-28T00:22:00+00:00,home-telemetry,device1,15,48
2019-08-28T00:23:00+00:00,home-telemetry,device1,15,50
2019-08-28T00:24:00+00:00,home-telemetry,device1,14,50
2019-08-28T00:25:00+00:00,home-telemetry,device1,13,48
2019-08-28T00:26:00+00:00,home-telemetry,device1,13,50
2019-08-28T00:27:00+00:00,home-telemetry,device1,13,50
2019-08-28T00:28:00+00:00,home-telemetry,device1,13,48
2019-08-28T00:29:00+00:00,home-telemetry,device1,12,46
2019-08-28T00:30:00+00:00,home-telemetry,device1,11,48
2019-08-28T00:31:00+00:00,home-telemetry,device1,11,49
2019-08-28T00:32:00+00:00,home-telemetry,device1,12,51
2019-08-28T00:33:00+00:00,home-telemetry,device1,12,53
2019-08-28T00:34:00+00:00,home-telemetry,device1,12,55
2019-08-28T00:35:00+00:00,home-telemetry,device1,11,54
2019-08-28T00:36:00+00:00,home-telemetry,device1,12,54
2019-08-28T00:37:00+00:00,home-telemetry,device1,12,56
2019-08-28T00:38:00+00:00,home-telemetry,device1,12,54
2019-08-28T00:39:00+00:00,home-telemetry,device1,12,54
2019-08-28T00:40:00+00:00,home-telemetry,device1,12,56
2019-08-28T00:41:00+00:00,home-telemetry,device1,12,54
2019-08-28T00:42:00+00:00,home-telemetry,device1,11,53
2019-08-28T00:43:00+00:00,home-telemetry,device1,11,51
2019-08-28T00:44:00+00:00,home-telemetry,device1,10,53
2019-08-28T00:45:00+00:00,home-telemetry,device1,11,53
2019-08-28T00:46:00+00:00,home-telemetry,device1,12,53
2019-08-28T00:47:00+00:00,home-telemetry,device1,12,51
2019-08-28T00:48:00+00:00,home-telemetry,device1,11,51
2019-08-28T00:49:00+00:00,home-telemetry,device1,12,52
2019-08-28T00:50:00+00:00,home-telemetry,device1,11,51
2019-08-28T00:51:00+00:00,home-telemetry,device1,11,52
2019-08-28T00:52:00+00:00,home-telemetry,device1,11,52
2019-08-28T00:53:00+00:00,home-telemetry,device1,12,50
2019-08-28T00:54:00+00:00,home-telemetry,device1,12,50
2019-08-28T00:55:00+00:00,home-telemetry,device1,13,50
2019-08-28T00:56:00+00:00,home-telemetry,device1,12,51
2019-08-28T00:57:00+00:00,home-telemetry,device1,12,49
2019-08-28T00:58:00+00:00,home-telemetry,device1,11,51
2019-08-28T00:59:00+00:00,home-telemetry,device1,12,50
2019-08-28T01:00:00+00:00,home-telemetry,device1,11,52
2019-08-28T01:01:00+00:00,home-telemetry,device1,12,54
2019-08-28T01:02:00+00:00,home-telemetry,device1,13,52
2019-08-28T01:03:00+00:00,home-telemetry,device1,14,54
2019-08-28T01:04:00+00:00,home-telemetry,device1,13,55
2019-08-28T01:05:00+00:00,home-telemetry,device1,14,54
2019-08-28T01:06:00+00:00,home-telemetry,device1,14,53
2019-08-28T01:07:00+00:00,home-telemetry,device1,14,54
2019-08-28T01:08:00+00:00,home-telemetry,device1,15,53
2019-08-28T01:09:00+00:00,home-telemetry,device1,16,52
2019-08-28T01:10:00+00:00,home-telemetry,device1,15,52
2019-08-28T01:11:00+00:00,home-telemetry,device1,14,50
2019-08-28T01:12:00+00:00,home-telemetry,device1,14,48
2019-08-28T01:13:00+00:00,home-telemetry,device1,15,50
2019-08-28T01:14:00+00:00,home-telemetry,device1,14,51
2019-08-28T01:15:00+00:00,home-telemetry,device1,15,51
2019-08-28T01:16:00+00:00,home-telemetry,device1,15,50
2019-08-28T01:17:00+00:00,home-telemetry,device1,16,51
2019-08-28T01:18:00+00:00,home-telemetry,device1,16,49
2019-08-28T01:19:00+00:00,home-telemetry,device1,17,51
2019-08-28T01:20:00+00:00,home-telemetry,device1,17,52
2019-08-28T01:21:00+00:00,home-telemetry,device1,16,54
2019-08-28T01:22:00+00:00,home-telemetry,device1,16,52
2019-08-28T01:23:00+00:00,home-telemetry,device1,17,53
2019-08-28T01:24:00+00:00,home-telemetry,device1,18,54
2019-08-28T01:25:00+00:00,home-telemetry,device1,17,55
2019-08-28T01:26:00+00:00,home-telemetry,device1,16,53
2019-08-28T01:27:00+00:00,home-telemetry,device1,17,54
2019-08-28T01:28:00+00:00,home-telemetry,device1,16,52
2019-08-28T01:29:00+00:00,home-telemetry,device1,17,52
2019-08-28T01:30:00+00:00,home-telemetry,device1,16,54
2019-08-28T01:31:00+00:00,home-telemetry,device1,17,53
2019-08-28T01:32:00+00:00,home-telemetry,device1,17,55
2019-08-28T01:33:00+00:00,home-telemetry,device1,16,57
2019-08-28T01:34:00+00:00,home-telemetry,device1,17,58
2019-08-28T01:35:00+00:00,home-telemetry,device1,16,58
2019-08-28T01:36:00+00:00,home-telemetry,device1,15,60
2019-08-28T01:37:00+00:00,home-telemetry,device1,16,61
2019-08-28T01:38:00+00:00,home-telemetry,device1,17,62
2019-08-28T01:39:00+00:00,home-telemetry,device1,16,62
2019-08-28T01:40:00+00:00,home-telemetry,device1,15,64
2019-08-28T01:41:00+00:00,home-telemetry,device1,14,66
2019-08-28T01:42:00+00:00,home-telemetry,device1,14,67
2019-08-28T01:43:00+00:00,home-telemetry,device1,15,67
2019-08-28T01:44:00+00:00,home-telemetry,device1,16,68
2019-08-28T01:45:00+00:00,home-telemetry,device1,17,68
2019-08-28T01:46:00+00:00,home-telemetry,device1,17,67
2019-08-28T01:47:00+00:00,home-telemetry,device1,18,65
2019-08-28T01:48:00+00:00,home-telemetry,device1,18,67
2019-08-28T01:49:00+00:00,home-telemetry,device1,18,67
2019-08-28T01:50:00+00:00,home-telemetry,device1,18,67
2019-08-28T01:51:00+00:00,home-telemetry,device1,18,68
2019-08-28T01:52:00+00:00,home-telemetry,device1,17,67
2019-08-28T01:53:00+00:00,home-telemetry,device1,16,66
2019-08-28T01:54:00+00:00,home-telemetry,device1,16,65
2019-08-28T01:55:00+00:00,home-telemetry,device1,17,64
2019-08-28T01:56:00+00:00,home-telemetry,device1,16,62
2019-08-28T01:57:00+00:00,home-telemetry,device1,16,61
2019-08-28T01:58:00+00:00,home-telemetry,device1,15,63
2019-08-28T01:59:00+00:00,home-telemetry,device1,14,64
2019-08-28T02:00:00+00:00,home-telemetry,device1,15,64
2019-08-28T02:01:00+00:00,home-telemetry,device1,16,62
2019-08-28T02:02:00+00:00,home-telemetry,device1,16,64
2019-08-28T02:03:00+00:00,home-telemetry,device1,16,62
2019-08-28T02:04:00+00:00,home-telemetry,device1,16,61
2019-08-28T02:05:00+00:00,home-telemetry,device1,16,61
2019-08-28T02:06:00+00:00,home-telemetry,device1,17,63
2019-08-28T02:07:00+00:00,home-telemetry,device1,18,61
2019-08-28T02:08:00+00:00,home-telemetry,device1,19,61
2019-08-28T02:09:00+00:00,home-telemetry,device1,19,62
2019-08-28T02:10:00+00:00,home-telemetry,device1,19,61
2019-08-28T02:11:00+00:00,home-telemetry,device1,20,59
2019-08-28T02:12:00+00:00,home-telemetry,device1,20,60
2019-08-28T02:13:00+00:00,home-telemetry,device1,21,60
2019-08-28T02:14:00+00:00,home-telemetry,device1,22,62
2019-08-28T02:15:00+00:00,home-telemetry,device1,21,62
2019-08-28T02:16:00+00:00,home-telemetry,device1,21,64
2019-08-28T02:17:00+00:00,home-telemetry,device1,21,62
2019-08-28T02:18:00+00:00,home-telemetry,device1,22,64
2019-08-28T02:19:00+00:00,home-telemetry,device1,21,66
2019-08-28T02:20:00+00:00,home-telemetry,device1,22,64
2019-08-28T02:21:00+00:00,home-telemetry,device1,22,65
2019-08-28T02:22:00+00:00,home-telemetry,device1,23,63
2019-08-28T02:23:00+00:00,home-telemetry,device1,23,65
2019-08-28T02:24:00+00:00,home-telemetry,device1,24,67
2019-08-28T02:25:00+00:00,home-telemetry,device1,23,69
2019-08-28T02:26:00+00:00,home-telemetry,device1,23,69
2019-08-28T02:27:00+00:00,home-telemetry,device1,22,68
2019-08-28T02:28:00+00:00,home-telemetry,device1,22,69
2019-08-28T02:29:00+00:00,home-telemetry,device1,22,71
2019-08-28T02:30:00+00:00,home-telemetry,device1,23,73
2019-08-28T02:31:00+00:00,home-telemetry,device1,24,75
2019-08-28T02:32:00+00:00,home-telemetry,device1,23,75
2019-08-28T02:33:00+00:00,home-telemetry,device1,24,77
2019-08-28T02:34:00+00:00,home-telemetry,device1,25,78
2019-08-28T02:35:00+00:00,home-telemetry,device1,25,77
2019-08-28T02:36:00+00:00,home-telemetry,device1,25,77
2019-08-28T02:37:00+00:00,home-telemetry,device1,24,75
2019-08-28T02:38:00+00:00,home-telemetry,device1,23,75
2019-08-28T02:39:00+00:00,home-telemetry,device1,23,77
2019-08-28T02:40:00+00:00,home-telemetry,device1,22,78
2019-08-28T02:41:00+00:00,home-telemetry,device1,21,80
2019-08-28T02:42:00+00:00,home-telemetry,device1,21,78
2019-08-28T02:43:00+00:00,home-telemetry,device1,22,77
2019-08-28T02:44:00+00:00,home-telemetry,device1,22,78
2019-08-28T02:45:00+00:00,home-telemetry,device1,23,77
2019-08-28T02:46:00+00:00,home-telemetry,device1,24,75
2019-08-28T02:47:00+00:00,home-telemetry,device1,25,77
2019-08-28T02:48:00+00:00,home-telemetry,device1,26,75
2019-08-28T02:49:00+00:00,home-telemetry,device1,25,73
2019-08-28T02:50:00+00:00,home-telemetry,device1,24,71
2019-08-28T02:51:00+00:00,home-telemetry,device1,24,69
2019-08-28T02:52:00+00:00,home-telemetry,device1,24,67
2019-08-28T02:53:00+00:00,home-telemetry,device1,23,69
2019-08-28T02:54:00+00:00,home-telemetry,device1,24,68
2019-08-28T02:55:00+00:00,home-telemetry,device1,23,68
2019-08-28T02:56:00+00:00,home-telemetry,device1,22,68
2019-08-28T02:57:00+00:00,home-telemetry,device1,21,68
2019-08-28T02:58:00+00:00,home-telemetry,device1,20,68
2019-08-28T02:59:00+00:00,home-telemetry,device1,21,70
2019-08-28T03:00:00+00:00,home-telemetry,device1,22,68
2019-08-28T03:01:00+00:00,home-telemetry,device1,22,66
2019-08-28T03:02:00+00:00,home-telemetry,device1,23,68
2019-08-28T03:03:00+00:00,home-telemetry,device1,24,69
2019-08-28T03:04:00+00:00,home-telemetry,device1,24,67
2019-08-28T03:05:00+00:00,home-telemetry,device1,24,67
2019-08-28T03:06:00+00:00,home-telemetry,device1,23,65
2019-08-28T03:07:00+00:00,home-telemetry,device1,24,66
2019-08-28T03:08:00+00:00,home-telemetry,device1,25,66
2019-08-28T03:09:00+00:00,home-telemetry,device1,25,67
2019-08-28T03:10:00+00:00,home-telemetry,device1,26,65
2019-08-28T03:11:00+00:00,home-telemetry,device1,27,65
2019-08-28T03:12:00+00:00,home-telemetry,device1,28,66
2019-08-28T03:13:00+00:00,home-telemetry,device1,29,67
2019-08-28T03:14:00+00:00,home-telemetry,device1,29,68
2019-08-28T03:15:00+00:00,home-telemetry,device1,28,69
2019-08-28T03:16:00+00:00,home-telemetry,device1,27,67
2019-08-28T03:17:00+00:00,home-telemetry,device1,26,69
2019-08-28T03:18:00+00:00,home-telemetry,device1,27,70
2019-08-28T03:19:00+00:00,home-telemetry,device1,27,69
2019-08-28T03:20:00+00:00,home-telemetry,device1,28,67
2019-08-28T03:21:00+00:00,home-telemetry,device1,29,68
2019-08-28T03:22:00+00:00,home-telemetry,device1,29,67
2019-08-28T03:23:00+00:00,home-telemetry,device1,29,68
2019-08-28T03:24:00+00:00,home-telemetry,device1,30,70
2019-08-28T03:25:00+00:00,home-telemetry,device1,30,72
2019-08-28T03:26:00+00:00,home-telemetry,device1,29,70
2019-08-28T03:27:00+00:00,home-telemetry,device1,28,72
2019-08-28T03:28:00+00:00,home-telemetry,device1,28,71
2019-08-28T03:29:00+00:00,home-telemetry,device1,27,71
2019-08-28T03:30:00+00:00,home-telemetry,device1,28,72
2019-08-28T03:31:00+00:00,home-telemetry,device1,28,73
2019-08-28T03:32:00+00:00,home-telemetry,device1,29,74
2019-08-28T03:33:00+00:00,home-telemetry,device1,29,76
2019-08-28T03:34:00+00:00,home-telemetry,device1,30,77
2019-08-28T03:35:00+00:00,home-telemetry,device1,29,78
2019-08-28T03:36:00+00:00,home-telemetry,device1,28,76
2019-08-28T03:37:00+00:00,home-telemetry,device1,27,76
2019-08-28T03:38:00+00:00,home-telemetry,device1,26,77
2019-08-28T03:39:00+00:00,home-telemetry,device1,26,77
2019-08-28T03:40:00+00:00,home-telemetry,device1,27,77
2019-08-28T03:41:00+00:00,home-telemetry,device1,26,77
2019-08-28T03:42:00+00:00,home-telemetry,device1,27,79
2019-08-28T03:43:00+00:00,home-telemetry,device1,27,80
2019-08-28T03:44:00+00:00,home-telemetry,device1,28,80
2019-08-28T03:45:00+00:00,home-telemetry,device1,27,80
2019-08-28T03:46:00+00:00,home-telemetry,device1,27,82
2019-08-28T03:47:00+00:00,home-telemetry,device1,26,82
2019-08-28T03:48:00+00:00,home-telemetry,device1,26,84
2019-08-28T03:49:00+00:00,home-telemetry,device1,26,84
2019-08-28T03:50:00+00:00,home-telemetry,device1,27,85
2019-08-28T03:51:00+00:00,home-telemetry,device1,28,84
2019-08-28T03:52:00+00:00,home-telemetry,device1,29,82
2019-08-28T03:53:00+00:00,home-telemetry,device1,30,84
2019-08-28T03:54:00+00:00,home-telemetry,device1,30,85
2019-08-28T03:55:00+00:00,home-telemetry,device1,29,84
2019-08-28T03:56:00+00:00,home-telemetry,device1,30,85
2019-08-28T03:57:00+00:00,home-telemetry,device1,30,87
2019-08-28T03:58:00+00:00,home-telemetry,device1,29,87
2019-08-28T03:59:00+00:00,home-telemetry,device1,28,85
2019-08-28T04:00:00+00:00,home-telemetry,device1,28,84
2019-08-28T04:01:00+00:00,home-telemetry,device1,27,86
2019-08-28T04:02:00+00:00,home-telemetry,device1,27,86
2019-08-28T04:03:00+00:00,home-telemetry,device1,27,86
2019-08-28T04:04:00+00:00,home-telemetry,device1,27,85
2019-08-28T04:05:00+00:00,home-telemetry,device1,27,84
2019-08-28T04:06:00+00:00,home-telemetry,device1,26,82
2019-08-28T04:07:00+00:00,home-telemetry,device1,27,81
2019-08-28T04:08:00+00:00,home-telemetry,device1,28,79
2019-08-28T04:09:00+00:00,home-telemetry,device1,29,80
2019-08-28T04:10:00+00:00,home-telemetry,device1,29,82
2019-08-28T04:11:00+00:00,home-telemetry,device1,29,80
2019-08-28T04:12:00+00:00,home-telemetry,device1,30,81
2019-08-28T04:13:00+00:00,home-telemetry,device1,30,81
2019-08-28T04:14:00+00:00,home-telemetry,device1,30,79
2019-08-28T04:15:00+00:00,home-telemetry,device1,30,80
2019-08-28T04:16:00+00:00,home-telemetry,device1,30,79
2019-08-28T04:17:00+00:00,home-telemetry,device1,29,78
2019-08-28T04:18:00+00:00,home-telemetry,device1,29,78
2019-08-28T04:19:00+00:00,home-telemetry,device1,28,79
2019-08-28T04:20:00+00:00,home-telemetry,device1,28,78
2019-08-28T04:21:00+00:00,home-telemetry,device1,28,76
2019-08-28T04:22:00+00:00,home-telemetry,device1,29,78
2019-08-28T04:23:00+00:00,home-telemetry,device1,30,80
2019-08-28T04:24:00+00:00,home-telemetry,device1,29,81
2019-08-28T04:25:00+00:00,home-telemetry,device1,30,83
2019-08-28T04:26:00+00:00,home-telemetry,device1,30,85
2019-08-28T04:27:00+00:00,home-telemetry,device1,29,84
2019-08-28T04:28:00+00:00,home-telemetry,device1,28,86
2019-08-28T04:29:00+00:00,home-telemetry,device1,29,87
2019-08-28T04:30:00+00:00,home-telemetry,device1,28,85
2019-08-28T04:31:00+00:00,home-telemetry,device1,28,86
2019-08-28T04:32:00+00:00,home-telemetry,device1,28,87
2019-08-28T04:33:00+00:00,home-telemetry,device1,29,89
2019-08-28T04:34:00+00:00,home-telemetry,device1,30,88
2019-08-28T04:35:00+00:00,home-telemetry,device1,29,88
2019-08-28T04:36:00+00:00,home-telemetry,device1,30,90
2019-08-28T04:37:00+00:00,home-telemetry,device1,30,92
2019-08-28T04:38:00+00:00,home-telemetry,device1,29,93
2019-08-28T04:39:00+00:00,home-telemetry,device1,30,93
2019-08-28T04:40:00+00:00,home-telemetry,device1,29,91
2019-08-28T04:41:00+00:00,home-telemetry,device1,28,91
2019-08-28T04:42:00+00:00,home-telemetry,device1,27,91
2019-08-28T04:43:00+00:00,home-telemetry,device1,28,89
2019-08-28T04:44:00+00:00,home-telemetry,device1,29,91
2019-08-28T04:45:00+00:00,home-telemetry,device1,30,90
2019-08-28T04:46:00+00:00,home-telemetry,device1,31,88
2019-08-28T04:47:00+00:00,home-telemetry,device1,31,90
2019-08-28T04:48:00+00:00,home-telemetry,device1,32,90
2019-08-28T04:49:00+00:00,home-telemetry,device1,32,92
2019-08-28T04:50:00+00:00,home-telemetry,device1,33,93
2019-08-28T04:51:00+00:00,home-telemetry,device1,34,94
2019-08-28T04:52:00+00:00,home-telemetry,device1,34,93
2019-08-28T04:53:00+00:00,home-telemetry,device1,35,94
2019-08-28T04:54:00+00:00,home-telemetry,device1,36,96
2019-08-28T04:55:00+00:00,home-telemetry,device1,35,98
2019-08-28T04:56:00+00:00,home-telemetry,device1,36,100
2019-08-28T04:57:00+00:00,home-telemetry,device1,36,98
2019-08-28T04:58:00+00:00,home-telemetry,device1,36,98
2019-08-28T04:59:00+00:00,home-telemetry,device1,37,99
2019-08-28T05:00:00+00:00,home-telemetry,device1,36,101
2019-08-28T05:01:00+00:00,home-telemetry,device1,36,98
2019-08-28T05:02:00+00:00,home-telemetry,device1,36,97
2019-08-28T05:03:00+00:00,home-telemetry,device1,36,96
2019-08-28T05:04:00+00:00,home-telemetry,device1,36,95
2019-08-28T05:05:00+00:00,home-telemetry,device1,37,97
2019-08-28T05:06:00+00:00,home-telemetry,device1,36,98
2019-08-28T05:07:00+00:00,home-telemetry,device1,37,96
2019-08-28T05:08:00+00:00,home-telemetry,device1,36,98
2019-08-28T05:09:00+00:00,home-telemetry,device1,37,100
2019-08-28T05:10:00+00:00,home-telemetry,device1,38,96
2019-08-28T05:11:00+00:00,home-telemetry,device1,39,97
2019-08-28T05:12:00+00:00,home-telemetry,device1,38,96
2019-08-28T05:13:00+00:00,home-telemetry,device1,37,98
2019-08-28T05:14:00+00:00,home-telemetry,device1,38,100
2019-08-28T05:15:00+00:00,home-telemetry,device1,39,96
2019-08-28T05:16:00+00:00,home-telemetry,device1,40,95
2019-08-28T05:17:00+00:00,home-telemetry,device1,40,96
2019-08-28T05:18:00+00:00,home-telemetry,device1,38,97
2019-08-28T05:19:00+00:00,home-telemetry,device1,39,96
2019-08-28T05:20:00+00:00,home-telemetry,device1,39,98
2019-08-28T05:21:00+00:00,home-telemetry,device1,40,100
2019-08-28T05:22:00+00:00,home-telemetry,device1,39,97
2019-08-28T05:23:00+00:00,home-telemetry,device1,38,98
2019-08-28T05:24:00+00:00,home-telemetry,device1,37,96
2019-08-28T05:25:00+00:00,home-telemetry,device1,38,94
2019-08-28T05:26:00+00:00,home-telemetry,device1,37,94
2019-08-28T05:27:00+00:00,home-telemetry,device1,38,92
2019-08-28T05:28:00+00:00,home-telemetry,device1,37,90
2019-08-28T05:29:00+00:00,home-telemetry,device1,36,89
2019-08-28T05:30:00+00:00,home-telemetry,device1,36,90
2019-08-28T05:31:00+00:00,home-telemetry,device1,35,88
2019-08-28T05:32:00+00:00,home-telemetry,device1,34,88
2019-08-28T05:33:00+00:00,home-telemetry,device1,35,89
2019-08-28T05:34:00+00:00,home-telemetry,device1,35,89
2019-08-28T05:35:00+00:00,home-telemetry,device1,34,90
2019-08-28T05:36:00+00:00,home-telemetry,device1,34,88
2019-08-28T05:37:00+00:00,home-telemetry,device1,34,87
2019-08-28T05:38:00+00:00,home-telemetry,device1,34,88
2019-08-28T05:39:00+00:00,home-telemetry,device1,34,86
2019-08-28T05:40:00+00:00,home-telemetry,device1,34,87
2019-08-28T05:41:00+00:00,home-telemetry,device1,33,87
2019-08-28T05:42:00+00:00,home-telemetry,device1,33,85
2019-08-28T05:43:00+00:00,home-telemetry,device1,33,86
2019-08-28T05:44:00+00:00,home-telemetry,device1,33,87
2019-08-28T05:45:00+00:00,home-telemetry,device1,32,88
2019-08-28T05:46:00+00:00,home-telemetry,device1,31,87
2019-08-28T05:47:00+00:00,home-telemetry,device1,32,87
2019-08-28T05:48:00+00:00,home-telemetry,device1,31,89
2019-08-28T05:49:00+00:00,home-telemetry,device1,30,87
2019-08-28T05:50:00+00:00,home-telemetry,device1,31,85
2019-08-28T05:51:00+00:00,home-telemetry,device1,30,84
2019-08-28T05:52:00+00:00,home-telemetry,device1,30,85
2019-08-28T05:53:00+00:00,home-telemetry,device1,30,84
2019-08-28T05:54:00+00:00,home-telemetry,device1,31,85
2019-08-28T05:55:00+00:00,home-telemetry,device1,30,84
2019-08-28T05:56:00+00:00,home-telemetry,device1,30,84
2019-08-28T05:57:00+00:00,home-telemetry,device1,31,85
2019-08-28T05:58:00+00:00,home-telemetry,device1,32,87
2019-08-28T05:59:00+00:00,home-telemetry,device1,32,89
2019-08-28T06:00:00+00:00,home-telemetry,device1,33,90
2019-08-28T06:01:00+00:00,home-telemetry,device1,32,88
2019-08-28T06:02:00+00:00,home-telemetry,device1,32,87
2019-08-28T06:03:00+00:00,home-telemetry,device1,33,86
2019-08-28T06:04:00+00:00,home-telemetry,device1,34,87
2019-08-28T06:05:00+00:00,home-telemetry,device1,33,89
2019-08-28T06:06:00+00:00,home-telemetry,device1,34,91
2019-08-28T06:07:00+00:00,home-telemetry,device1,35,89
2019-08-28T06:08:00+00:00,home-telemetry,device1,36,90
2019-08-28T06:09:00+00:00,home-telemetry,device1,37,88
2019-08-28T06:10:00+00:00,home-telemetry,device1,37,90
2019-08-28T06:11:00+00:00,home-telemetry,device1,37,88
2019-08-28T06:12:00+00:00,home-telemetry,device1,37,89
2019-08-28T06:13:00+00:00,home-telemetry,device1,36,91
2019-08-28T06:14:00+00:00,home-telemetry,device1,37,92
2019-08-28T06:15:00+00:00,home-telemetry,device1,37,91
2019-08-28T06:16:00+00:00,home-telemetry,device1,37,92
2019-08-28T06:17:00+00:00,home-telemetry,device1,36,91
2019-08-28T06:18:00+00:00,home-telemetry,device1,36,91
2019-08-28T06:19:00+00:00,home-telemetry,device1,35,93
2019-08-28T06:20:00+00:00,home-telemetry,device1,36,91
2019-08-28T06:21:00+00:00,home-telemetry,device1,36,93
2019-08-28T06:22:00+00:00,home-telemetry,device1,35,91
2019-08-28T06:23:00+00:00,home-telemetry,device1,35,93
2019-08-28T06:24:00+00:00,home-telemetry,device1,35,91
2019-08-28T06:25:00+00:00,home-telemetry,device1,36,93
2019-08-28T06:26:00+00:00,home-telemetry,device1,37,94
2019-08-28T06:27:00+00:00,home-telemetry,device1,38,96
2019-08-28T06:28:00+00:00,home-telemetry,device1,39,97
2019-08-28T06:29:00+00:00,home-telemetry,device1,39,96
2019-08-28T06:30:00+00:00,home-telemetry,device1,39,94
2019-08-28T06:31:00+00:00,home-telemetry,device1,39,96
2019-08-28T06:32:00+00:00,home-telemetry,device1,38,98
2019-08-28T06:33:00+00:00,home-telemetry,device1,39,98
2019-08-28T06:34:00+00:00,home-telemetry,device1,40,100
2019-08-28T06:35:00+00:00,home-telemetry,device1,38,98
2019-08-28T06:36:00+00:00,home-telemetry,device1,37,96
2019-08-28T06:37:00+00:00,home-telemetry,device1,36,97
2019-08-28T06:38:00+00:00,home-telemetry,device1,35,96
2019-08-28T06:39:00+00:00,home-telemetry,device1,34,94
2019-08-28T06:40:00+00:00,home-telemetry,device1,34,95
2019-08-28T06:41:00+00:00,home-telemetry,device1,35,95
2019-08-28T06:42:00+00:00,home-telemetry,device1,36,96
2019-08-28T06:43:00+00:00,home-telemetry,device1,36,94
2019-08-28T06:44:00+00:00,home-telemetry,device1,36,93
2019-08-28T06:45:00+00:00,home-telemetry,device1,37,94
2019-08-28T06:46:00+00:00,home-telemetry,device1,38,93
2019-08-28T06:47:00+00:00,home-telemetry,device1,38,91
2019-08-28T06:48:00+00:00,home-telemetry,device1,39,92
2019-08-28T06:49:00+00:00,home-telemetry,device1,38,91
2019-08-28T06:50:00+00:00,home-telemetry,device1,38,91
2019-08-28T06:51:00+00:00,home-telemetry,device1,38,89
2019-08-28T06:52:00+00:00,home-telemetry,device1,37,91
2019-08-28T06:53:00+00:00,home-telemetry,device1,36,93
2019-08-28T06:54:00+00:00,home-telemetry,device1,37,91
2019-08-28T06:55:00+00:00,home-telemetry,device1,36,90
2019-08-28T06:56:00+00:00,home-telemetry,device1,37,89
2019-08-28T06:57:00+00:00,home-telemetry,device1,37,89
2019-08-28T06:58:00+00:00,home-telemetry,device1,37,90
2019-08-28T06:59:00+00:00,home-telemetry,device1,37,90
2019-08-28T07:00:00+00:00,home-telemetry,device1,38,88
2019-08-28T07:01:00+00:00,home-telemetry,device1,37,90
2019-08-28T07:02:00+00:00,home-telemetry,device1,36,90
2019-08-28T07:03:00+00:00,home-telemetry,device1,35,91
2019-08-28T07:04:00+00:00,home-telemetry,device1,35,93
2019-08-28T07:05:00+00:00,home-telemetry,device1,34,94
2019-08-28T07:06:00+00:00,home-telemetry,device1,35,95
2019-08-28T07:07:00+00:00,home-telemetry,device1,35,97
2019-08-28T07:08:00+00:00,home-telemetry,device1,35,95
2019-08-28T07:09:00+00:00,home-telemetry,device1,35,93
2019-08-28T07:10:00+00:00,home-telemetry,device1,35,92
2019-08-28T07:11:00+00:00,home-telemetry,device1,34,91
2019-08-28T07:12:00+00:00,home-telemetry,device1,34,91
2019-08-28T07:13:00+00:00,home-telemetry,device1,33,93
2019-08-28T07:14:00+00:00,home-telemetry,device1,32,91
2019-08-28T07:15:00+00:00,home-telemetry,device1,31,93
2019-08-28T07:16:00+00:00,home-telemetry,device1,30,91
2019-08-28T07:17:00+00:00,home-telemetry,device1,30,92
2019-08-28T07:18:00+00:00,home-telemetry,device1,31,91
2019-08-28T07:19:00+00:00,home-telemetry,device1,30,89
2019-08-28T07:20:00+00:00,home-telemetry,device1,29,87
2019-08-28T07:21:00+00:00,home-telemetry,device1,30,85
2019-08-28T07:22:00+00:00,home-telemetry,device1,31,83
2019-08-28T07:23:00+00:00,home-telemetry,device1,30,84
2019-08-28T07:24:00+00:00,home-telemetry,device1,29,85
2019-08-28T07:25:00+00:00,home-telemetry,device1,29,85
2019-08-28T07:26:00+00:00,home-telemetry,device1,30,85
2019-08-28T07:27:00+00:00,home-telemetry,device1,29,84
2019-08-28T07:28:00+00:00,home-telemetry,device1,28,85
2019-08-28T07:29:00+00:00,home-telemetry,device1,29,84
2019-08-28T07:30:00+00:00,home-telemetry,device1,28,82
2019-08-28T07:31:00+00:00,home-telemetry,device1,27,83
2019-08-28T07:32:00+00:00,home-telemetry,device1,26,82
2019-08-28T07:33:00+00:00,home-telemetry,device1,27,83
2019-08-28T07:34:00+00:00,home-telemetry,device1,26,84
2019-08-28T07:35:00+00:00,home-telemetry,device1,25,82
2019-08-28T07:36:00+00:00,home-telemetry,device1,25,83
2019-08-28T07:37:00+00:00,home-telemetry,device1,26,81
2019-08-28T07:38:00+00:00,home-telemetry,device1,25,80
2019-08-28T07:39:00+00:00,home-telemetry,device1,25,81
2019-08-28T07:40:00+00:00,home-telemetry,device1,25,83
2019-08-28T07:41:00+00:00,home-telemetry,device1,24,81
2019-08-28T07:42:00+00:00,home-telemetry,device1,23,81
2019-08-28T07:43:00+00:00,home-telemetry,device1,24,83
2019-08-28T07:44:00+00:00,home-telemetry,device1,24,83
2019-08-28T07:45:00+00:00,home-telemetry,device1,24,82
2019-08-28T07:46:00+00:00,home-telemetry,device1,25,82
2019-08-28T07:47:00+00:00,home-telemetry,device1,25,84
2019-08-28T07:48:00+00:00,home-telemetry,device1,26,84
2019-08-28T07:49:00+00:00,home-telemetry,device1,25,83
2019-08-28T07:50:00+00:00,home-telemetry,device1,25,84
2019-08-28T07:51:00+00:00,home-telemetry,device1,24,86
2019-08-28T07:52:00+00:00,home-telemetry,device1,25,84
2019-08-28T07:53:00+00:00,home-telemetry,device1,26,83
2019-08-28T07:54:00+00:00,home-telemetry,device1,26,81
2019-08-28T07:55:00+00:00,home-telemetry,device1,25,83
2019-08-28T07:56:00+00:00,home-telemetry,device1,26,85
2019-08-28T07:57:00+00:00,home-telemetry,device1,27,87
2019-08-28T07:58:00+00:00,home-telemetry,device1,27,85
2019-08-28T07:59:00+00:00,home-telemetry,device1,26,84
2019-08-28T08:00:00+00:00,home-telemetry,device1,27,82
2019-08-28T08:01:00+00:00,home-telemetry,device1,27,80
2019-08-28T08:02:00+00:00,home-telemetry,device1,28,82
2019-08-28T08:03:00+00:00,home-telemetry,device1,29,81
2019-08-28T08:04:00+00:00,home-telemetry,device1,28,79
2019-08-28T08:05:00+00:00,home-telemetry,device1,27,78
2019-08-28T08:06:00+00:00,home-telemetry,device1,27,76
2019-08-28T08:07:00+00:00,home-telemetry,device1,28,76
2019-08-28T08:08:00+00:00,home-telemetry,device1,29,77
2019-08-28T08:09:00+00:00,home-telemetry,device1,30,78
2019-08-28T08:10:00+00:00,home-telemetry,device1,29,80
2019-08-28T08:11:00+00:00,home-telemetry,device1,30,81
2019-08-28T08:12:00+00:00,home-telemetry,device1,31,82
2019-08-28T08:13:00+00:00,home-telemetry,device1,30,81
2019-08-28T08:14:00+00:00,home-telemetry,device1,30,81
2019-08-28T08:15:00+00:00,home-telemetry,device1,30,82
2019-08-28T08:16:00+00:00,home-telemetry,device1,29,83
2019-08-28T08:17:00+00:00,home-telemetry,device1,30,85
2019-08-28T08:18:00+00:00,home-telemetry,device1,29,84
2019-08-28T08:19:00+00:00,home-telemetry,device1,29,83
2019-08-28T08:20:00+00:00,home-telemetry,device1,30,84
2019-08-28T08:21:00+00:00,home-telemetry,device1,29,86
2019-08-28T08:22:00+00:00,home-telemetry,device1,28,85
2019-08-28T08:23:00+00:00,home-telemetry,device1,28,83
2019-08-28T08:24:00+00:00,home-telemetry,device1,27,84
2019-08-28T08:25:00+00:00,home-telemetry,device1,26,84
2019-08-28T08:26:00+00:00,home-telemetry,device1,27,86
2019-08-28T08:27:00+00:00,home-telemetry,device1,26,84
2019-08-28T08:28:00+00:00,home-telemetry,device1,25,85
2019-08-28T08:29:00+00:00,home-telemetry,device1,25,87
2019-08-28T08:30:00+00:00,home-telemetry,device1,24,88
2019-08-28T08:31:00+00:00,home-telemetry,device1,23,86
2019-08-28T08:32:00+00:00,home-telemetry,device1,23,86
2019-08-28T08:33:00+00:00,home-telemetry,device1,22,87
2019-08-28T08:34:00+00:00,home-telemetry,device1,21,86
2019-08-28T08:35:00+00:00,home-telemetry,device1,22,84
2019-08-28T08:36:00+00:00,home-telemetry,device1,22,86
2019-08-28T08:37:00+00:00,home-telemetry,device1,21,87
2019-08-28T08:38:00+00:00,home-telemetry,device1,21,87
2019-08-28T08:39:00+00:00,home-telemetry,device1,21,88
2019-08-28T08:40:00+00:00,home-telemetry,device1,21,87
2019-08-28T08:41:00+00:00,home-telemetry,device1,20,85
2019-08-28T08:42:00+00:00,home-telemetry,device1,21,85
2019-08-28T08:43:00+00:00,home-telemetry,device1,22,85
2019-08-28T08:44:00+00:00,home-telemetry,device1,21,85
2019-08-28T08:45:00+00:00,home-telemetry,device1,21,86
2019-08-28T08:46:00+00:00,home-telemetry,device1,20,86
2019-08-28T08:47:00+00:00,home-telemetry,device1,21,86
2019-08-28T08:48:00+00:00,home-telemetry,device1,22,85
2019-08-28T08:49:00+00:00,home-telemetry,device1,21,84
2019-08-28T08:50:00+00:00,home-telemetry,device1,22,86
2019-08-28T08:51:00+00:00,home-telemetry,device1,22,85
2019-08-28T08:52:00+00:00,home-telemetry,device1,23,83
2019-08-28T08:53:00+00:00,home-telemetry,device1,22,81
2019-08-28T08:54:00+00:00,home-telemetry,device1,23,79
2019-08-28T08:55:00+00:00,home-telemetry,device1,22,80
2019-08-28T08:56:00+00:00,home-telemetry,device1,22,78
2019-08-28T08:57:00+00:00,home-telemetry,device1,21,80
2019-08-28T08:58:00+00:00,home-telemetry,device1,20,80
2019-08-28T08:59:00+00:00,home-telemetry,device1,20,82
2019-08-28T09:00:00+00:00,home-telemetry,device1,20,82
2019-08-28T09:01:00+00:00,home-telemetry,device1,21,83
2019-08-28T09:02:00+00:00,home-telemetry,device1,21,81
2019-08-28T09:03:00+00:00,home-telemetry,device1,20,80
2019-08-28T09:04:00+00:00,home-telemetry,device1,21,78
2019-08-28T09:05:00+00:00,home-telemetry,device1,20,76
2019-08-28T09:06:00+00:00,home-telemetry,device1,19,77
2019-08-28T09:07:00+00:00,home-telemetry,device1,19,76
2019-08-28T09:08:00+00:00,home-telemetry,device1,19,77
2019-08-28T09:09:00+00:00,home-telemetry,device1,19,78
2019-08-28T09:10:00+00:00,home-telemetry,device1,20,77
2019-08-28T09:11:00+00:00,home-telemetry,device1,19,75
2019-08-28T09:12:00+00:00,home-telemetry,device1,18,75
2019-08-28T09:13:00+00:00,home-telemetry,device1,19,73
2019-08-28T09:14:00+00:00,home-telemetry,device1,20,75
2019-08-28T09:15:00+00:00,home-telemetry,device1,20,76
2019-08-28T09:16:00+00:00,home-telemetry,device1,19,75
2019-08-28T09:17:00+00:00,home-telemetry,device1,20,77
2019-08-28T09:18:00+00:00,home-telemetry,device1,19,76
2019-08-28T09:19:00+00:00,home-telemetry,device1,18,77
2019-08-28T09:20:00+00:00,home-telemetry,device1,19,79
2019-08-28T09:21:00+00:00,home-telemetry,device1,19,79
2019-08-28T09:22:00+00:00,home-telemetry,device1,20,81
2019-08-28T09:23:00+00:00,home-telemetry,device1,19,80
2019-08-28T09:24:00+00:00,home-telemetry,device1,19,80
2019-08-28T09:25:00+00:00,home-telemetry,device1,20,78
2019-08-28T09:26:00+00:00,home-telemetry,device1,21,79
2019-08-28T09:27:00+00:00,home-telemetry,device1,22,77
2019-08-28T09:28:00+00:00,home-telemetry,device1,21,75
2019-08-28T09:29:00+00:00,home-telemetry,device1,22,76
2019-08-28T09:30:00+00:00,home-telemetry,device1,22,77
2019-08-28T09:31:00+00:00,home-telemetry,device1,23,76
2019-08-28T09:32:00+00:00,home-telemetry,device1,24,78
2019-08-28T09:33:00+00:00,home-telemetry,device1,23,76
2019-08-28T09:34:00+00:00,home-telemetry,device1,22,76
2019-08-28T09:35:00+00:00,home-telemetry,device1,22,78
2019-08-28T09:36:00+00:00,home-telemetry,device1,21,78
2019-08-28T09:37:00+00:00,home-telemetry,device1,20,80
2019-08-28T09:38:00+00:00,home-telemetry,device1,21,79
2019-08-28T09:39:00+00:00,home-telemetry,device1,22,80
2019-08-28T09:40:00+00:00,home-telemetry,device1,22,78
2019-08-28T09:41:00+00:00,home-telemetry,device1,22,79
2019-08-28T09:42:00+00:00,home-telemetry,device1,23,77
2019-08-28T09:43:00+00:00,home-telemetry,device1,22,76
2019-08-28T09:44:00+00:00,home-telemetry,device1,23,76
2019-08-28T09:45:00+00:00,home-telemetry,device1,23,75
2019-08-28T09:46:00+00:00,home-telemetry,device1,24,76
2019-08-28T09:47:00+00:00,home-telemetry,device1,23,76
2019-08-28T09:48:00+00:00,home-telemetry,device1,22,78
2019-08-28T09:49:00+00:00,home-telemetry,device1,23,78
2019-08-28T09:50:00+00:00,home-telemetry,device1,24,79
2019-08-28T09:51:00+00:00,home-telemetry,device1,23,79
2019-08-28T09:52:00+00:00,home-telemetry,device1,23,78
2019-08-28T09:53:00+00:00,home-telemetry,device1,23,78
2019-08-28T09:54:00+00:00,home-telemetry,device1,22,80
2019-08-28T09:55:00+00:00,home-telemetry,device1,22,81
2019-08-28T09:56:00+00:00,home-telemetry,device1,21,83
2019-08-28T09:57:00+00:00,home-telemetry,device1,20,85
2019-08-28T09:58:00+00:00,home-telemetry,device1,21,85
2019-08-28T09:59:00+00:00,home-telemetry,device1,22,83
2019-08-28T10:00:00+00:00,home-telemetry,device1,21,82
2019-08-28T10:01:00+00:00,home-telemetry,device1,20,82
2019-08-28T10:02:00+00:00,home-telemetry,device1,19,84
2019-08-28T10:03:00+00:00,home-telemetry,device1,20,85
2019-08-28T10:04:00+00:00,home-telemetry,device1,21,83
2019-08-28T10:05:00+00:00,home-telemetry,device1,20,81
2019-08-28T10:06:00+00:00,home-telemetry,device1,19,83
2019-08-28T10:07:00+00:00,home-telemetry,device1,18,83
2019-08-28T10:08:00+00:00,home-telemetry,device1,19,81
2019-08-28T10:09:00+00:00,home-telemetry,device1,18,79
2019-08-28T10:10:00+00:00,home-telemetry,device1,17,77
2019-08-28T10:11:00+00:00,home-telemetry,device1,17,76
2019-08-28T10:12:00+00:00,home-telemetry,device1,18,74
2019-08-28T10:13:00+00:00,home-telemetry,device1,17,76
2019-08-28T10:14:00+00:00,home-telemetry,device1,18,74
2019-08-28T10:15:00+00:00,home-telemetry,device1,19,75
2019-08-28T10:16:00+00:00,home-telemetry,device1,19,76
2019-08-28T10:17:00+00:00,home-telemetry,device1,18,78
2019-08-28T10:18:00+00:00,home-telemetry,device1,17,77
2019-08-28T10:19:00+00:00,home-telemetry,device1,16,76
2019-08-28T10:20:00+00:00,home-telemetry,device1,15,76
2019-08-28T10:21:00+00:00,home-telemetry,device1,16,74
2019-08-28T10:22:00+00:00,home-telemetry,device1,15,75
2019-08-28T10:23:00+00:00,home-telemetry,device1,16,75
2019-08-28T10:24:00+00:00,home-telemetry,device1,16,76
2019-08-28T10:25:00+00:00,home-telemetry,device1,17,77
2019-08-28T10:26:00+00:00,home-telemetry,device1,18,77
2019-08-28T10:27:00+00:00,home-telemetry,device1,17,79
2019-08-28T10:28:00+00:00,home-telemetry,device1,16,80
2019-08-28T10:29:00+00:00,home-telemetry,device1,16,78
2019-08-28T10:30:00+00:00,home-telemetry,device1,15,80
2019-08-28T10:31:00+00:00,home-telemetry,device1,15,78
2019-08-28T10:32:00+00:00,home-telemetry,device1,14,77
2019-08-28T10:33:00+00:00,home-telemetry,device1,14,75
2019-08-28T10:34:00+00:00,home-telemetry,device1,13,74
2019-08-28T10:35:00+00:00,home-telemetry,device1,12,74
2019-08-28T10:36:00+00:00,home-telemetry,device1,12,75
2019-08-28T10:37:00+00:00,home-telemetry,device1,13,73
2019-08-28T10:38:00+00:00,home-telemetry,device1,14,75
2019-08-28T10:39:00+00:00,home-telemetry,device1,14,73
2019-08-28T10:40:00+00:00,home-telemetry,device1,15,73
2019-08-28T10:41:00+00:00,home-telemetry,device1,14,73
2019-08-28T10:42:00+00:00,home-telemetry,device1,14,73
2019-08-28T10:43:00+00:00,home-telemetry,device1,15,72
2019-08-28T10:44:00+00:00,home-telemetry,device1,16,71
2019-08-28T10:45:00+00:00,home-telemetry,device1,15,71
2019-08-28T10:46:00+00:00,home-telemetry,device1,14,73
2019-08-28T10:47:00+00:00,home-telemetry,device1,15,75
2019-08-28T10:48:00+00:00,home-telemetry,device1,15,74
2019-08-28T10:49:00+00:00,home-telemetry,device1,16,75
2019-08-28T10:50:00+00:00,home-telemetry,device1,16,77
2019-08-28T10:51:00+00:00,home-telemetry,device1,16,76
2019-08-28T10:52:00+00:00,home-telemetry,device1,17,75
2019-08-28T10:53:00+00:00,home-telemetry,device1,17,74
2019-08-28T10:54:00+00:00,home-telemetry,device1,17,74
2019-08-28T10:55:00+00:00,home-telemetry,device1,16,72
2019-08-28T10:56:00+00:00,home-telemetry,device1,17,74
2019-08-28T10:57:00+00:00,home-telemetry,device1,16,76
2019-08-28T10:58:00+00:00,home-telemetry,device1,16,75
2019-08-28T10:59:00+00:00,home-telemetry,device1,17,73
2019-08-28T11:00:00+00:00,home-telemetry,device1,18,71
2019-08-28T11:01:00+00:00,home-telemetry,device1,19,72
2019-08-28T11:02:00+00:00,home-telemetry,device1,19,74
2019-08-28T11:03:00+00:00,home-telemetry,device1,19,75
2019-08-28T11:04:00+00:00,home-telemetry,device1,18,75
2019-08-28T11:05:00+00:00,home-telemetry,device1,19,76
2019-08-28T11:06:00+00:00,home-telemetry,device1,19,76
2019-08-28T11:07:00+00:00,home-telemetry,device1,20,78
2019-08-28T11:08:00+00:00,home-telemetry,device1,21,80
2019-08-28T11:09:00+00:00,home-telemetry,device1,20,79
2019-08-28T11:10:00+00:00,home-telemetry,device1,20,79
2019-08-28T11:11:00+00:00,home-telemetry,device1,21,79
2019-08-28T11:12:00+00:00,home-telemetry,device1,20,77
2019-08-28T11:13:00+00:00,home-telemetry,device1,21,78
2019-08-28T11:14:00+00:00,home-telemetry,device1,22,79
2019-08-28T11:15:00+00:00,home-telemetry,device1,21,79
2019-08-28T11:16:00+00:00,home-telemetry,device1,22,81
2019-08-28T11:17:00+00:00,home-telemetry,device1,23,83
2019-08-28T11:18:00+00:00,home-telemetry,device1,22,81
2019-08-28T11:19:00+00:00,home-telemetry,device1,22,82
2019-08-28T11:20:00+00:00,home-telemetry,device1,22,84
2019-08-28T11:21:00+00:00,home-telemetry,device1,21,85
2019-08-28T11:22:00+00:00,home-telemetry,device1,20,87
2019-08-28T11:23:00+00:00,home-telemetry,device1,20,87
2019-08-28T11:24:00+00:00,home-telemetry,device1,19,87
2019-08-28T11:25:00+00:00,home-telemetry,device1,18,85
2019-08-28T11:26:00+00:00,home-telemetry,device1,18,87
2019-08-28T11:27:00+00:00,home-telemetry,device1,19,88
2019-08-28T11:28:00+00:00,home-telemetry,device1,18,86
2019-08-28T11:29:00+00:00,home-telemetry,device1,17,88
2019-08-28T11:30:00+00:00,home-telemetry,device1,17,87
2019-08-28T11:31:00+00:00,home-telemetry,device1,17,86
2019-08-28T11:32:00+00:00,home-telemetry,device1,18,84
2019-08-28T11:33:00+00:00,home-telemetry,device1,18,83
2019-08-28T11:34:00+00:00,home-telemetry,device1,17,83
2019-08-28T11:35:00+00:00,home-telemetry,device1,16,81
2019-08-28T11:36:00+00:00,home-telemetry,device1,15,79
2019-08-28T11:37:00+00:00,home-telemetry,device1,16,80
2019-08-28T11:38:00+00:00,home-telemetry,device1,16,79
2019-08-28T11:39:00+00:00,home-telemetry,device1,17,79
2019-08-28T11:40:00+00:00,home-telemetry,device1,16,77
2019-08-28T11:41:00+00:00,home-telemetry,device1,15,78
2019-08-28T11:42:00+00:00,home-telemetry,device1,15,79
2019-08-28T11:43:00+00:00,home-telemetry,device1,15,79
2019-08-28T11:44:00+00:00,home-telemetry,device1,16,80
2019-08-28T11:45:00+00:00,home-telemetry,device1,16,78
2019-08-28T11:46:00+00:00,home-telemetry,device1,16,77
2019-08-28T11:47:00+00:00,home-telemetry,device1,15,75
2019-08-28T11:48:00+00:00,home-telemetry,device1,14,75
2019-08-28T11:49:00+00:00,home-telemetry,device1,15,75
2019-08-28T11:50:00+00:00,home-telemetry,device1,16,74
2019-08-28T11:51:00+00:00,home-telemetry,device1,15,72
2019-08-28T11:52:00+00:00,home-telemetry,device1,16,71
2019-08-28T11:53:00+00:00,home-telemetry,device1,15,71
2019-08-28T11:54:00+00:00,home-telemetry,device1,14,72
2019-08-28T11:55:00+00:00,home-telemetry,device1,15,70
2019-08-28T11:56:00+00:00,home-telemetry,device1,15,72
2019-08-28T11:57:00+00:00,home-telemetry,device1,16,74
2019-08-28T11:58:00+00:00,home-telemetry,device1,16,73
2019-08-28T11:59:00+00:00,home-telemetry,device1,15,75
2019-08-28T12:00:00+00:00,home-telemetry,device1,15,75
2019-08-28T12:01:00+00:00,home-telemetry,device1,14,74
2019-08-28T12:02:00+00:00,home-telemetry,device1,13,73
2019-08-28T12:03:00+00:00,home-telemetry,device1,13,71
2019-08-28T12:04:00+00:00,home-telemetry,device1,12,73
2019-08-28T12:05:00+00:00,home-telemetry,device1,11,72
2019-08-28T12:06:00+00:00,home-telemetry,device1,12,71
2019-08-28T12:07:00+00:00,home-telemetry,device1,11,72
2019-08-28T12:08:00+00:00,home-telemetry,device1,10,70
2019-08-28T12:09:00+00:00,home-telemetry,device1,11,68
2019-08-28T12:10:00+00:00,home-telemetry,device1,11,68
2019-08-28T12:11:00+00:00,home-telemetry,device1,10,70
2019-08-28T12:12:00+00:00,home-telemetry,device1,10,69
2019-08-28T12:13:00+00:00,home-telemetry,device1,9,71
2019-08-28T12:14:00+00:00,home-telemetry,device1,9,73
2019-08-28T12:15:00+00:00,home-telemetry,device1,8,75
2019-08-28T12:16:00+00:00,home-telemetry,device1,8,76
2019-08-28T12:17:00+00:00,home-telemetry,device1,8,77
2019-08-28T12:18:00+00:00,home-telemetry,device1,7,78
2019-08-28T12:19:00+00:00,home-telemetry,device1,7,77
2019-08-28T12:20:00+00:00,home-telemetry,device1,7,76
2019-08-28T12:21:00+00:00,home-telemetry,device1,8,76
2019-08-28T12:22:00+00:00,home-telemetry,device1,9,74
2019-08-28T12:23:00+00:00,home-telemetry,device1,10,73
2019-08-28T12:24:00+00:00,home-telemetry,device1,9,73
2019-08-28T12:25:00+00:00,home-telemetry,device1,8,71
2019-08-28T12:26:00+00:00,home-telemetry,device1,8,72
2019-08-28T12:27:00+00:00,home-telemetry,device1,9,71
2019-08-28T12:28:00+00:00,home-telemetry,device1,10,71
2019-08-28T12:29:00+00:00,home-telemetry,device1,11,73
2019-08-28T12:30:00+00:00,home-telemetry,device1,12,71
2019-08-28T12:31:00+00:00,home-telemetry,device1,13,69
2019-08-28T12:32:00+00:00,home-telemetry,device1,14,70
2019-08-28T12:33:00+00:00,home-telemetry,device1,13,69
2019-08-28T12:34:00+00:00,home-telemetry,device1,14,70
2019-08-28T12:35:00+00:00,home-telemetry,device1,15,70
2019-08-28T12:36:00+00:00,home-telemetry,device1,16,71
2019-08-28T12:37:00+00:00,home-telemetry,device1,15,73
2019-08-28T12:38:00+00:00,home-telemetry,device1,14,74
2019-08-28T12:39:00+00:00,home-telemetry,device1,14,76
2019-08-28T12:40:00+00:00,home-telemetry,device1,15,76
2019-08-28T12:41:00+00:00,home-telemetry,device1,16,74
2019-08-28T12:42:00+00:00,home-telemetry,device1,15,75
2019-08-28T12:43:00+00:00,home-telemetry,device1,15,75
2019-08-28T12:44:00+00:00,home-telemetry,device1,15,73
2019-08-28T12:45:00+00:00,home-telemetry,device1,16,71
2019-08-28T12:46:00+00:00,home-telemetry,device1,15,71
2019-08-28T12:47:00+00:00,home-telemetry,device1,14,72
2019-08-28T12:48:00+00:00,home-telemetry,device1,15,73
2019-08-28T12:49:00+00:00,home-telemetry,device1,14,72
2019-08-28T12:50:00+00:00,home-telemetry,device1,13,73
2019-08-28T12:51:00+00:00,home-telemetry,device1,13,73
2019-08-28T12:52:00+00:00,home-telemetry,device1,12,75
2019-08-28T12:53:00+00:00,home-telemetry,device1,12,77
2019-08-28T12:54:00+00:00,home-telemetry,device1,13,75
2019-08-28T12:55:00+00:00,home-telemetry,device1,14,73
2019-08-28T12:56:00+00:00,home-telemetry,device1,15,74
2019-08-28T12:57:00+00:00,home-telemetry,device1,16,75
2019-08-28T12:58:00+00:00,home-telemetry,device1,16,74
2019-08-28T12:59:00+00:00,home-telemetry,device1,17,74
2019-08-28T13:00:00+00:00,home-telemetry,device1,18,72
2019-08-28T13:01:00+00:00,home-telemetry,device1,18,73
2019-08-28T13:02:00+00:00,home-telemetry,device1,18,74
2019-08-28T13:03:00+00:00,home-telemetry,device1,18,75
2019-08-28T13:04:00+00:00,home-telemetry,device1,19,77
2019-08-28T13:05:00+00:00,home-telemetry,device1,19,77
2019-08-28T13:06:00+00:00,home-telemetry,device1,18,76
2019-08-28T13:07:00+00:00,home-telemetry,device1,19,76
2019-08-28T13:08:00+00:00,home-telemetry,device1,18,78
2019-08-28T13:09:00+00:00,home-telemetry,device1,18,79
2019-08-28T13:10:00+00:00,home-telemetry,device1,18,77
2019-08-28T13:11:00+00:00,home-telemetry,device1,18,77
2019-08-28T13:12:00+00:00,home-telemetry,device1,17,77
2019-08-28T13:13:00+00:00,home-telemetry,device1,18,77
2019-08-28T13:14:00+00:00,home-telemetry,device1,18,78
2019-08-28T13:15:00+00:00,home-telemetry,device1,17,76
2019-08-28T13:16:00+00:00,home-telemetry,device1,17,76
2019-08-28T13:17:00+00:00,home-telemetry,device1,18,77
2019-08-28T13:18:00+00:00,home-telemetry,device1,19,76
2019-08-28T13:19:00+00:00,home-telemetry,device1,18,75
2019-08-28T13:20:00+00:00,home-telemetry,device1,19,75
2019-08-28T13:21:00+00:00,home-telemetry,device1,18,76
2019-08-28T13:22:00+00:00,home-telemetry,device1,17,74
2019-08-28T13:23:00+00:00,home-telemetry,device1,16,73
2019-08-28T13:24:00+00:00,home-telemetry,device1,15,71
2019-08-28T13:25:00+00:00,home-telemetry,device1,16,71
2019-08-28T13:26:00+00:00,home-telemetry,device1,15,70
2019-08-28T13:27:00+00:00,home-telemetry,device1,16,68
2019-08-28T13:28:00+00:00,home-telemetry,device1,15,68
2019-08-28T13:29:00+00:00,home-telemetry,device1,14,66
2019-08-28T13:30:00+00:00,home-telemetry,device1,13,65
2019-08-28T13:31:00+00:00,home-telemetry,device1,12,65
2019-08-28T13:32:00+00:00,home-telemetry,device1,12,63
2019-08-28T13:33:00+00:00,home-telemetry,device1,12,64
2019-08-28T13:34:00+00:00,home-telemetry,device1,11,62
2019-08-28T13:35:00+00:00,home-telemetry,device1,12,64
2019-08-28T13:36:00+00:00,home-telemetry,device1,13,66
2019-08-28T13:37:00+00:00,home-telemetry,device1,14,64
2019-08-28T13:38:00+00:00,home-telemetry,device1,13,63
2019-08-28T13:39:00+00:00,home-telemetry,device1,13,64
2019-08-28T13:40:00+00:00,home-telemetry,device1,12,65
2019-08-28T13:41:00+00:00,home-telemetry,device1,11,65
2019-08-28T13:42:00+00:00,home-telemetry,device1,10,66
2019-08-28T13:43:00+00:00,home-telemetry,device1,9,66
2019-08-28T13:44:00+00:00,home-telemetry,device1,9,68
2019-08-28T13:45:00+00:00,home-telemetry,device1,8,68
2019-08-28T13:46:00+00:00,home-telemetry,device1,7,70
2019-08-28T13:47:00+00:00,home-telemetry,device1,7,70
2019-08-28T13:48:00+00:00,home-telemetry,device1,7,70
2019-08-28T13:49:00+00:00,home-telemetry,device1,6,69
2019-08-28T13:50:00+00:00,home-telemetry,device1,5,68
2019-08-28T13:51:00+00:00,home-telemetry,device1,6,70
2019-08-28T13:52:00+00:00,home-telemetry,device1,7,70
2019-08-28T13:53:00+00:00,home-telemetry,device1,7,68
2019-08-28T13:54:00+00:00,home-telemetry,device1,7,68
2019-08-28T13:55:00+00:00,home-telemetry,device1,8,67
2019-08-28T13:56:00+00:00,home-telemetry,device1,9,68
2019-08-28T13:57:00+00:00,home-telemetry,device1,8,67
2019-08-28T13:58:00+00:00,home-telemetry,device1,8,65
2019-08-28T13:59:00+00:00,home-telemetry,device1,9,67
2019-08-28T14:00:00+00:00,home-telemetry,device1,10,67
2019-08-28T14:01:00+00:00,home-telemetry,device1,11,68
2019-08-28T14:02:00+00:00,home-telemetry,device1,12,66
2019-08-28T14:03:00+00:00,home-telemetry,device1,11,65
2019-08-28T14:04:00+00:00,home-telemetry,device1,12,63
2019-08-28T14:05:00+00:00,home-telemetry,device1,12,65
2019-08-28T14:06:00+00:00,home-telemetry,device1,12,67
2019-08-28T14:07:00+00:00,home-telemetry,device1,11,67
2019-08-28T14:08:00+00:00,home-telemetry,device1,11,65
2019-08-28T14:09:00+00:00,home-telemetry,device1,11,63
2019-08-28T14:10:00+00:00,home-telemetry,device1,12,61
2019-08-28T14:11:00+00:00,home-telemetry,device1,12,63
2019-08-28T14:12:00+00:00,home-telemetry,device1,11,63
2019-08-28T14:13:00+00:00,home-telemetry,device1,11,61
2019-08-28T14:14:00+00:00,home-telemetry,device1,11,63
2019-08-28T14:15:00+00:00,home-telemetry,device1,12,61
2019-08-28T14:16:00+00:00,home-telemetry,device1,12,62
2019-08-28T14:17:00+00:00,home-telemetry,device1,12,61
2019-08-28T14:18:00+00:00,home-telemetry,device1,13,60
2019-08-28T14:19:00+00:00,home-telemetry,device1,14,59
2019-08-28T14:20:00+00:00,home-telemetry,device1,14,58
2019-08-28T14:21:00+00:00,home-telemetry,device1,13,60
2019-08-28T14:22:00+00:00,home-telemetry,device1,12,62
2019-08-28T14:23:00+00:00,home-telemetry,device1,11,63
2019-08-28T14:24:00+00:00,home-telemetry,device1,12,61
2019-08-28T14:25:00+00:00,home-telemetry,device1,11,60
2019-08-28T14:26:00+00:00,home-telemetry,device1,11,62
2019-08-28T14:27:00+00:00,home-telemetry,device1,11,62
2019-08-28T14:28:00+00:00,home-telemetry,device1,11,64
2019-08-28T14:29:00+00:00,home-telemetry,device1,11,64
2019-08-28T14:30:00+00:00,home-telemetry,device1,12,63
2019-08-28T14:31:00+00:00,home-telemetry,device1,12,62
2019-08-28T14:32:00+00:00,home-telemetry,device1,11,60
2019-08-28T14:33:00+00:00,home-telemetry,device1,11,61
2019-08-28T14:34:00+00:00,home-telemetry,device1,12,62
2019-08-28T14:35:00+00:00,home-telemetry,device1,12,64
2019-08-28T14:36:00+00:00,home-telemetry,device1,13,65
2019-08-28T14:37:00+00:00,home-telemetry,device1,12,67
2019-08-28T14:38:00+00:00,home-telemetry,device1,12,66
2019-08-28T14:39:00+00:00,home-telemetry,device1,12,65
2019-08-28T14:40:00+00:00,home-telemetry,device1,13,63
2019-08-28T14:41:00+00:00,home-telemetry,device1,13,65
2019-08-28T14:42:00+00:00,home-telemetry,device1,13,64
2019-08-28T14:43:00+00:00,home-telemetry,device1,13,62
2019-08-28T14:44:00+00:00,home-telemetry,device1,12,63
2019-08-28T14:45:00+00:00,home-telemetry,device1,11,64
2019-08-28T14:46:00+00:00,home-telemetry,device1,11,63
2019-08-28T14:47:00+00:00,home-telemetry,device1,10,63
2019-08-28T14:48:00+00:00,home-telemetry,device1,10,64
2019-08-28T14:49:00+00:00,home-telemetry,device1,9,62
2019-08-28T14:50:00+00:00,home-telemetry,device1,9,64
2019-08-28T14:51:00+00:00,home-telemetry,device1,9,64
2019-08-28T14:52:00+00:00,home-telemetry,device1,10,64
2019-08-28T14:53:00+00:00,home-telemetry,device1,10,66
2019-08-28T14:54:00+00:00,home-telemetry,device1,11,65
2019-08-28T14:55:00+00:00,home-telemetry,device1,12,67
2019-08-28T14:56:00+00:00,home-telemetry,device1,11,66
2019-08-28T14:57:00+00:00,home-telemetry,device1,11,65
2019-08-28T14:58:00+00:00,home-telemetry,device1,11,64
2019-08-28T14:59:00+00:00,home-telemetry,device1,11,64
2019-08-28T15:00:00+00:00,home-telemetry,device1,10,65
2019-08-28T15:01:00+00:00,home-telemetry,device1,9,66
2019-08-28T15:02:00+00:00,home-telemetry,device1,9,66
2019-08-28T15:03:00+00:00,home-telemetry,device1,8,64
2019-08-28T15:04:00+00:00,home-telemetry,device1,8,65
2019-08-28T15:05:00+00:00,home-telemetry,device1,9,67
2019-08-28T15:06:00+00:00,home-telemetry,device1,9,69
2019-08-28T15:07:00+00:00,home-telemetry,device1,9,71
2019-08-28T15:08:00+00:00,home-telemetry,device1,8,73
2019-08-28T15:09:00+00:00,home-telemetry,device1,8,72
2019-08-28T15:10:00+00:00,home-telemetry,device1,8,74
2019-08-28T15:11:00+00:00,home-telemetry,device1,7,75
2019-08-28T15:12:00+00:00,home-telemetry,device1,7,76
2019-08-28T15:13:00+00:00,home-telemetry,device1,7,78
2019-08-28T15:14:00+00:00,home-telemetry,device1,6,80
2019-08-28T15:15:00+00:00,home-telemetry,device1,7,81
2019-08-28T15:16:00+00:00,home-telemetry,device1,8,82
2019-08-28T15:17:00+00:00,home-telemetry,device1,9,81
2019-08-28T15:18:00+00:00,home-telemetry,device1,9,79
2019-08-28T15:19:00+00:00,home-telemetry,device1,10,78
2019-08-28T15:20:00+00:00,home-telemetry,device1,9,78
2019-08-28T15:21:00+00:00,home-telemetry,device1,8,79
2019-08-28T15:22:00+00:00,home-telemetry,device1,8,79
2019-08-28T15:23:00+00:00,home-telemetry,device1,7,80
2019-08-28T15:24:00+00:00,home-telemetry,device1,6,78
2019-08-28T15:25:00+00:00,home-telemetry,device1,6,80
2019-08-28T15:26:00+00:00,home-telemetry,device1,6,78
2019-08-28T15:27:00+00:00,home-telemetry,device1,7,77
2019-08-28T15:28:00+00:00,home-telemetry,device1,7,75
2019-08-28T15:29:00+00:00,home-telemetry,device1,8,73
2019-08-28T15:30:00+00:00,home-telemetry,device1,7,73
2019-08-28T15:31:00+00:00,home-telemetry,device1,6,72
2019-08-28T15:32:00+00:00,home-telemetry,device1,7,70
2019-08-28T15:33:00+00:00,home-telemetry,device1,8,68
2019-08-28T15:34:00+00:00,home-telemetry,device1,9,68
2019-08-28T15:35:00+00:00,home-telemetry,device1,9,70
2019-08-28T15:36:00+00:00,home-telemetry,device1,9,70
2019-08-28T15:37:00+00:00,home-telemetry,device1,8,72
2019-08-28T15:38:00+00:00,home-telemetry,device1,7,74
2019-08-28T15:39:00+00:00,home-telemetry,device1,7,74
2019-08-28T15:40:00+00:00,home-telemetry,device1,7,75
2019-08-28T15:41:00+00:00,home-telemetry,device1,6,76
2019-08-28T15:42:00+00:00,home-telemetry,device1,5,76
2019-08-28T15:43:00+00:00,home-telemetry,device1,4,78
2019-08-28T15:44:00+00:00,home-telemetry,device1,3,80
2019-08-28T15:45:00+00:00,home-telemetry,device1,2,78
2019-08-28T15:46:00+00:00,home-telemetry,device1,3,77
2019-08-28T15:47:00+00:00,home-telemetry,device1,2,76
2019-08-28T15:48:00+00:00,home-telemetry,device1,1,74
2019-08-28T15:49:00+00:00,home-telemetry,device1,2,73
2019-08-28T15:50:00+00:00,home-telemetry,device1,2,72
2019-08-28T15:51:00+00:00,home-telemetry,device1,3,70
2019-08-28T15:52:00+00:00,home-telemetry,device1,3,72
2019-08-28T15:53:00+00:00,home-telemetry,device1,2,70
2019-08-28T15:54:00+00:00,home-telemetry,device1,1,68
2019-08-28T15:55:00+00:00,home-telemetry,device1,2,68
2019-08-28T15:56:00+00:00,home-telemetry,device1,3,70
2019-08-28T15:57:00+00:00,home-telemetry,device1,2,69
2019-08-28T15:58:00+00:00,home-telemetry,device1,2,68
2019-08-28T15:59:00+00:00,home-telemetry,device1,2,70
2019-08-28T16:00:00+00:00,home-telemetry,device1,3,68
2019-08-28T16:01:00+00:00,home-telemetry,device1,3,66
2019-08-28T16:02:00+00:00,home-telemetry,device1,4,67
2019-08-28T16:03:00+00:00,home-telemetry,device1,3,66
2019-08-28T16:04:00+00:00,home-telemetry,device1,2,67
2019-08-28T16:05:00+00:00,home-telemetry,device1,3,68
2019-08-28T16:06:00+00:00,home-telemetry,device1,4,70
2019-08-28T16:07:00+00:00,home-telemetry,device1,4,70
2019-08-28T16:08:00+00:00,home-telemetry,device1,3,70
2019-08-28T16:09:00+00:00,home-telemetry,device1,3,72
2019-08-28T16:10:00+00:00,home-telemetry,device1,4,70
2019-08-28T16:11:00+00:00,home-telemetry,device1,5,70
2019-08-28T16:12:00+00:00,home-telemetry,device1,6,69
2019-08-28T16:13:00+00:00,home-telemetry,device1,7,68
2019-08-28T16:14:00+00:00,home-telemetry,device1,7,69
2019-08-28T16:15:00+00:00,home-telemetry,device1,8,70
2019-08-28T16:16:00+00:00,home-telemetry,device1,8,71
2019-08-28T16:17:00+00:00,home-telemetry,device1,9,69
2019-08-28T16:18:00+00:00,home-telemetry,device1,9,71
2019-08-28T16:19:00+00:00,home-telemetry,device1,9,70
2019-08-28T16:20:00+00:00,home-telemetry,device1,10,69
2019-08-28T16:21:00+00:00,home-telemetry,device1,9,68
2019-08-28T16:22:00+00:00,home-telemetry,device1,10,69
2019-08-28T16:23:00+00:00,home-telemetry,device1,9,71
2019-08-28T16:24:00+00:00,home-telemetry,device1,10,72
2019-08-28T16:25:00+00:00,home-telemetry,device1,11,74
2019-08-28T16:26:00+00:00,home-telemetry,device1,10,76
2019-08-28T16:27:00+00:00,home-telemetry,device1,9,78
2019-08-28T16:28:00+00:00,home-telemetry,device1,10,76
2019-08-28T16:29:00+00:00,home-telemetry,device1,10,78
2019-08-28T16:30:00+00:00,home-telemetry,device1,11,78
2019-08-28T16:31:00+00:00,home-telemetry,device1,10,76
2019-08-28T16:32:00+00:00,home-telemetry,device1,9,78
2019-08-28T16:33:00+00:00,home-telemetry,device1,8,80
2019-08-28T16:34:00+00:00,home-telemetry,device1,9,80
2019-08-28T16:35:00+00:00,home-telemetry,device1,9,78
2019-08-28T16:36:00+00:00,home-telemetry,device1,8,80
2019-08-28T16:37:00+00:00,home-telemetry,device1,7,78
2019-08-28T16:38:00+00:00,home-telemetry,device1,7,76
2019-08-28T16:39:00+00:00,home-telemetry,device1,8,77
2019-08-28T16:40:00+00:00,home-telemetry,device1,8,75
2019-08-28T16:41:00+00:00,home-telemetry,device1,7,76
2019-08-28T16:42:00+00:00,home-telemetry,device1,6,78
2019-08-28T16:43:00+00:00,home-telemetry,device1,5,79
2019-08-28T16:44:00+00:00,home-telemetry,device1,5,79
2019-08-28T16:45:00+00:00,home-telemetry,device1,4,81
2019-08-28T16:46:00+00:00,home-telemetry,device1,3,80
2019-08-28T16:47:00+00:00,home-telemetry,device1,2,78
2019-08-28T16:48:00+00:00,home-telemetry,device1,1,79
2019-08-28T16:49:00+00:00,home-telemetry,device1,1,81
2019-08-28T16:50:00+00:00,home-telemetry,device1,1,81
2019-08-28T16:51:00+00:00,home-telemetry,device1,1,79
2019-08-28T16:52:00+00:00,home-telemetry,device1,0,78
2019-08-28T16:53:00+00:00,home-telemetry,device1,1,79
2019-08-28T16:54:00+00:00,home-telemetry,device1,0,79
2019-08-28T16:55:00+00:00,home-telemetry,device1,0,81
2019-08-28T16:56:00+00:00,home-telemetry,device1,1,83
2019-08-28T16:57:00+00:00,home-telemetry,device1,2,82
2019-08-28T16:58:00+00:00,home-telemetry,device1,1,81
2019-08-28T16:59:00+00:00,home-telemetry,device1,2,83
2019-08-28T17:00:00+00:00,home-telemetry,device1,3,83
2019-08-28T17:01:00+00:00,home-telemetry,device1,3,83
2019-08-28T17:02:00+00:00,home-telemetry,device1,2,85
2019-08-28T17:03:00+00:00,home-telemetry,device1,2,86
2019-08-28T17:04:00+00:00,home-telemetry,device1,1,86
2019-08-28T17:05:00+00:00,home-telemetry,device1,0,87
2019-08-28T17:06:00+00:00,home-telemetry,device1,0,86
2019-08-28T17:07:00+00:00,home-telemetry,device1,0,85
2019-08-28T17:08:00+00:00,home-telemetry,device1,1,86
2019-08-28T17:09:00+00:00,home-telemetry,device1,1,85
2019-08-28T17:10:00+00:00,home-telemetry,device1,2,85
2019-08-28T17:11:00+00:00,home-telemetry,device1,3,83
2019-08-28T17:12:00+00:00,home-telemetry,device1,4,82
2019-08-28T17:13:00+00:00,home-telemetry,device1,4,84
2019-08-28T17:14:00+00:00,home-telemetry,device1,5,86
2019-08-28T17:15:00+00:00,home-telemetry,device1,6,88
2019-08-28T17:16:00+00:00,home-telemetry,device1,7,88
2019-08-28T17:17:00+00:00,home-telemetry,device1,7,88
2019-08-28T17:18:00+00:00,home-telemetry,device1,8,88
2019-08-28T17:19:00+00:00,home-telemetry,device1,8,87
2019-08-28T17:20:00+00:00,home-telemetry,device1,7,89
2019-08-28T17:21:00+00:00,home-telemetry,device1,8,91
2019-08-28T17:22:00+00:00,home-telemetry,device1,7,91
2019-08-28T17:23:00+00:00,home-telemetry,device1,8,89
2019-08-28T17:24:00+00:00,home-telemetry,device1,8,87
2019-08-28T17:25:00+00:00,home-telemetry,device1,9,87
2019-08-28T17:26:00+00:00,home-telemetry,device1,8,87
2019-08-28T17:27:00+00:00,home-telemetry,device1,8,88
2019-08-28T17:28:00+00:00,home-telemetry,device1,8,90
2019-08-28T17:29:00+00:00,home-telemetry,device1,9,92
2019-08-28T17:30:00+00:00,home-telemetry,device1,10,94
2019-08-28T17:31:00+00:00,home-telemetry,device1,10,95
2019-08-28T17:32:00+00:00,home-telemetry,device1,11,93
2019-08-28T17:33:00+00:00,home-telemetry,device1,10,94
2019-08-28T17:34:00+00:00,home-telemetry,device1,9,92
2019-08-28T17:35:00+00:00,home-telemetry,device1,10,90
2019-08-28T17:36:00+00:00,home-telemetry,device1,10,92
2019-08-28T17:37:00+00:00,home-telemetry,device1,9,93
2019-08-28T17:38:00+00:00,home-telemetry,device1,10,94
2019-08-28T17:39:00+00:00,home-telemetry,device1,9,92
2019-08-28T17:40:00+00:00,home-telemetry,device1,9,90
2019-08-28T17:41:00+00:00,home-telemetry,device1,8,88
2019-08-28T17:42:00+00:00,home-telemetry,device1,7,86
2019-08-28T17:43:00+00:00,home-telemetry,device1,7,84
2019-08-28T17:44:00+00:00,home-telemetry,device1,8,82
2019-08-28T17:45:00+00:00,home-telemetry,device1,9,83
2019-08-28T17:46:00+00:00,home-telemetry,device1,10,83
2019-08-28T17:47:00+00:00,home-telemetry,device1,10,82
2019-08-28T17:48:00+00:00,home-telemetry,device1,10,80
2019-08-28T17:49:00+00:00,home-telemetry,device1,10,80
2019-08-28T17:50:00+00:00,home-telemetry,device1,9,81
2019-08-28T17:51:00+00:00,home-telemetry,device1,10,81
2019-08-28T17:52:00+00:00,home-telemetry,device1,11,82
2019-08-28T17:53:00+00:00,home-telemetry,device1,11,82
2019-08-28T17:54:00+00:00,home-telemetry,device1,10,83
2019-08-28T17:55:00+00:00,home-telemetry,device1,10,82
2019-08-28T17:56:00+00:00,home-telemetry,device1,11,84
2019-08-28T17:57:00+00:00,home-telemetry,device1,12,82
2019-08-28T17:58:00+00:00,home-telemetry,device1,13,83
2019-08-28T17:59:00+00:00,home-telemetry,device1,13,85
2019-08-28T18:00:00+00:00,home-telemetry,device1,14,87
2019-08-28T18:01:00+00:00,home-telemetry,device1,14,87
2019-08-28T18:02:00+00:00,home-telemetry,device1,13,88
2019-08-28T18:03:00+00:00,home-telemetry,device1,13,86
2019-08-28T18:04:00+00:00,home-telemetry,device1,13,88
2019-08-28T18:05:00+00:00,home-telemetry,device1,14,90
2019-08-28T18:06:00+00:00,home-telemetry,device1,15,91
2019-08-28T18:07:00+00:00,home-telemetry,device1,15,92
2019-08-28T18:08:00+00:00,home-telemetry,device1,14,93
2019-08-28T18:09:00+00:00,home-telemetry,device1,13,93
2019-08-28T18:10:00+00:00,home-telemetry,device1,13,91
2019-08-28T18:11:00+00:00,home-telemetry,device1,12,92
2019-08-28T18:12:00+00:00,home-telemetry,device1,13,92
2019-08-28T18:13:00+00:00,home-telemetry,device1,13,93
2019-08-28T18:14:00+00:00,home-telemetry,device1,12,93
2019-08-28T18:15:00+00:00,home-telemetry,device1,11,95
2019-08-28T18:16:00+00:00,home-telemetry,device1,12,97
2019-08-28T18:17:00+00:00,home-telemetry,device1,12,99
2019-08-28T18:18:00+00:00,home-telemetry,device1,13,98
2019-08-28T18:19:00+00:00,home-telemetry,device1,12,96
2019-08-28T18:20:00+00:00,home-telemetry,device1,12,97
2019-08-28T18:21:00+00:00,home-telemetry,device1,13,95
2019-08-28T18:22:00+00:00,home-telemetry,device1,14,94
2019-08-28T18:23:00+00:00,home-telemetry,device1,15,94
2019-08-28T18:24:00+00:00,home-telemetry,device1,14,93
2019-08-28T18:25:00+00:00,home-telemetry,device1,13,94
2019-08-28T18:26:00+00:00,home-telemetry,device1,14,92
2019-08-28T18:27:00+00:00,home-telemetry,device1,13,92
2019-08-28T18:28:00+00:00,home-telemetry,device1,14,94
2019-08-28T18:29:00+00:00,home-telemetry,device1,13,95
2019-08-28T18:30:00+00:00,home-telemetry,device1,14,95
2019-08-28T18:31:00+00:00,home-telemetry,device1,13,93
2019-08-28T18:32:00+00:00,home-telemetry,device1,14,91
2019-08-28T18:33:00+00:00,home-telemetry,device1,13,90
2019-08-28T18:34:00+00:00,home-telemetry,device1,14,89
2019-08-28T18:35:00+00:00,home-telemetry,device1,15,91
2019-08-28T18:36:00+00:00,home-telemetry,device1,14,89
2019-08-28T18:37:00+00:00,home-telemetry,device1,14,91
2019-08-28T18:38:00+00:00,home-telemetry,device1,15,92
2019-08-28T18:39:00+00:00,home-telemetry,device1,16,92
2019-08-28T18:40:00+00:00,home-telemetry,device1,17,92
2019-08-28T18:41:00+00:00,home-telemetry,device1,18,91
2019-08-28T18:42:00+00:00,home-telemetry,device1,18,90
2019-08-28T18:43:00+00:00,home-telemetry,device1,17,88
2019-08-28T18:44:00+00:00,home-telemetry,device1,16,87
2019-08-28T18:45:00+00:00,home-telemetry,device1,17,85
2019-08-28T18:46:00+00:00,home-telemetry,device1,18,85
2019-08-28T18:47:00+00:00,home-telemetry,device1,19,86
2019-08-28T18:48:00+00:00,home-telemetry,device1,20,85
2019-08-28T18:49:00+00:00,home-telemetry,device1,19,87
2019-08-28T18:50:00+00:00,home-telemetry,device1,18,86
2019-08-28T18:51:00+00:00,home-telemetry,device1,17,86
2019-08-28T18:52:00+00:00,home-telemetry,device1,17,87
2019-08-28T18:53:00+00:00,home-telemetry,device1,16,88
2019-08-28T18:54:00+00:00,home-telemetry,device1,16,86
2019-08-28T18:55:00+00:00,home-telemetry,device1,16,88
2019-08-28T18:56:00+00:00,home-telemetry,device1,16,90
2019-08-28T18:57:00+00:00,home-telemetry,device1,17,91
2019-08-28T18:58:00+00:00,home-telemetry,device1,18,93
2019-08-28T18:59:00+00:00,home-telemetry,device1,17,95
2019-08-28T19:00:00+00:00,home-telemetry,device1,18,95
2019-08-28T19:01:00+00:00,home-telemetry,device1,18,93
2019-08-28T19:02:00+00:00,home-telemetry,device1,17,95
2019-08-28T19:03:00+00:00,home-telemetry,device1,18,94
2019-08-28T19:04:00+00:00,home-telemetry,device1,18,96
2019-08-28T19:05:00+00:00,home-telemetry,device1,18,96
2019-08-28T19:06:00+00:00,home-telemetry,device1,17,95
2019-08-28T19:07:00+00:00,home-telemetry,device1,17,96
2019-08-28T19:08:00+00:00,home-telemetry,device1,17,96
2019-08-28T19:09:00+00:00,home-telemetry,device1,18,94
2019-08-28T19:10:00+00:00,home-telemetry,device1,18,94
2019-08-28T19:11:00+00:00,home-telemetry,device1,19,92
2019-08-28T19:12:00+00:00,home-telemetry,device1,18,92
2019-08-28T19:13:00+00:00,home-telemetry,device1,18,90
2019-08-28T19:14:00+00:00,home-telemetry,device1,18,88
2019-08-28T19:15:00+00:00,home-telemetry,device1,17,87
2019-08-28T19:16:00+00:00,home-telemetry,device1,17,85
2019-08-28T19:17:00+00:00,home-telemetry,device1,16,87
2019-08-28T19:18:00+00:00,home-telemetry,device1,17,85
2019-08-28T19:19:00+00:00,home-telemetry,device1,18,87
2019-08-28T19:20:00+00:00,home-telemetry,device1,18,85
2019-08-28T19:21:00+00:00,home-telemetry,device1,17,86
2019-08-28T19:22:00+00:00,home-telemetry,device1,17,88
2019-08-28T19:23:00+00:00,home-telemetry,device1,17,90
2019-08-28T19:24:00+00:00,home-telemetry,device1,18,88
2019-08-28T19:25:00+00:00,home-telemetry,device1,17,89
2019-08-28T19:26:00+00:00,home-telemetry,device1,16,88
2019-08-28T19:27:00+00:00,home-telemetry,device1,16,88
2019-08-28T19:28:00+00:00,home-telemetry,device1,15,88
2019-08-28T19:29:00+00:00,home-telemetry,device1,16,89
2019-08-28T19:30:00+00:00,home-telemetry,device1,15,90
2019-08-28T19:31:00+00:00,home-telemetry,device1,14,89
2019-08-28T19:32:00+00:00,home-telemetry,device1,13,91
2019-08-28T19:33:00+00:00,home-telemetry,device1,13,90
2019-08-28T19:34:00+00:00,home-telemetry,device1,13,89
2019-08-28T19:35:00+00:00,home-telemetry,device1,14,88
2019-08-28T19:36:00+00:00,home-telemetry,device1,15,89
2019-08-28T19:37:00+00:00,home-telemetry,device1,14,91
2019-08-28T19:38:00+00:00,home-telemetry,device1,14,92
2019-08-28T19:39:00+00:00,home-telemetry,device1,15,93
2019-08-28T19:40:00+00:00,home-telemetry,device1,15,92
2019-08-28T19:41:00+00:00,home-telemetry,device1,15,92
2019-08-28T19:42:00+00:00,home-telemetry,device1,16,94
2019-08-28T19:43:00+00:00,home-telemetry,device1,16,94
2019-08-28T19:44:00+00:00,home-telemetry,device1,16,92
2019-08-28T19:45:00+00:00,home-telemetry,device1,16,91
2019-08-28T19:46:00+00:00,home-telemetry,device1,17,90
2019-08-28T19:47:00+00:00,home-telemetry,device1,18,92
2019-08-28T19:48:00+00:00,home-telemetry,device1,18,94
2019-08-28T19:49:00+00:00,home-telemetry,device1,19,92
2019-08-28T19:50:00+00:00,home-telemetry,device1,18,92
2019-08-28T19:51:00+00:00,home-telemetry,device1,19,90
2019-08-28T19:52:00+00:00,home-telemetry,device1,19,91
2019-08-28T19:53:00+00:00,home-telemetry,device1,19,93
2019-08-28T19:54:00+00:00,home-telemetry,device1,20,92
2019-08-28T19:55:00+00:00,home-telemetry,device1,20,94
2019-08-28T19:56:00+00:00,home-telemetry,device1,21,95
2019-08-28T19:57:00+00:00,home-telemetry,device1,21,95
2019-08-28T19:58:00+00:00,home-telemetry,device1,22,96
2019-08-28T19:59:00+00:00,home-telemetry,device1,21,98
2019-08-28T20:00:00+00:00,home-telemetry,device1,21,98
2019-08-28T20:01:00+00:00,home-telemetry,device1,22,98
2019-08-28T20:02:00+00:00,home-telemetry,device1,21,96
2019-08-28T20:03:00+00:00,home-telemetry,device1,21,97
2019-08-28T20:04:00+00:00,home-telemetry,device1,22,95
2019-08-28T20:05:00+00:00,home-telemetry,device1,21,94
2019-08-28T20:06:00+00:00,home-telemetry,device1,22,94
2019-08-28T20:07:00+00:00,home-telemetry,device1,22,96
2019-08-28T20:08:00+00:00,home-telemetry,device1,22,95
2019-08-28T20:09:00+00:00,home-telemetry,device1,21,95
2019-08-28T20:10:00+00:00,home-telemetry,device1,22,93
2019-08-28T20:11:00+00:00,home-telemetry,device1,22,93
2019-08-28T20:12:00+00:00,home-telemetry,device1,23,91
2019-08-28T20:13:00+00:00,home-telemetry,device1,23,91
2019-08-28T20:14:00+00:00,home-telemetry,device1,24,91
2019-08-28T20:15:00+00:00,home-telemetry,device1,24,91
2019-08-28T20:16:00+00:00,home-telemetry,device1,24,93
2019-08-28T20:17:00+00:00,home-telemetry,device1,23,91
2019-08-28T20:18:00+00:00,home-telemetry,device1,23,89
2019-08-28T20:19:00+00:00,home-telemetry,device1,23,90
2019-08-28T20:20:00+00:00,home-telemetry,device1,24,92
2019-08-28T20:21:00+00:00,home-telemetry,device1,24,90
2019-08-28T20:22:00+00:00,home-telemetry,device1,23,89
2019-08-28T20:23:00+00:00,home-telemetry,device1,23,90
2019-08-28T20:24:00+00:00,home-telemetry,device1,23,88
2019-08-28T20:25:00+00:00,home-telemetry,device1,24,89
2019-08-28T20:26:00+00:00,home-telemetry,device1,23,89
2019-08-28T20:27:00+00:00,home-telemetry,device1,24,87
2019-08-28T20:28:00+00:00,home-telemetry,device1,23,87
2019-08-28T20:29:00+00:00,home-telemetry,device1,23,89
2019-08-28T20:30:00+00:00,home-telemetry,device1,23,89
2019-08-28T20:31:00+00:00,home-telemetry,device1,24,91
2019-08-28T20:32:00+00:00,home-telemetry,device1,25,93
2019-08-28T20:33:00+00:00,home-telemetry,device1,26,93
2019-08-28T20:34:00+00:00,home-telemetry,device1,25,95
2019-08-28T20:35:00+00:00,home-telemetry,device1,25,97
2019-08-28T20:36:00+00:00,home-telemetry,device1,25,96
2019-08-28T20:37:00+00:00,home-telemetry,device1,25,95
2019-08-28T20:38:00+00:00,home-telemetry,device1,25,97
2019-08-28T20:39:00+00:00,home-telemetry,device1,25,98
2019-08-28T20:40:00+00:00,home-telemetry,device1,24,98
2019-08-28T20:41:00+00:00,home-telemetry,device1,25,97
2019-08-28T20:42:00+00:00,home-telemetry,device1,24,96
2019-08-28T20:43:00+00:00,home-telemetry,device1,25,96
2019-08-28T20:44:00+00:00,home-telemetry,device1,25,94
2019-08-28T20:45:00+00:00,home-telemetry,device1,26,93
2019-08-28T20:46:00+00:00,home-telemetry,device1,25,92
2019-08-28T20:47:00+00:00,home-telemetry,device1,26,94
2019-08-28T20:48:00+00:00,home-telemetry,device1,26,94
2019-08-28T20:49:00+00:00,home-telemetry,device1,27,96
2019-08-28T20:50:00+00:00,home-telemetry,device1,28,98
2019-08-28T20:51:00+00:00,home-telemetry,device1,28,96
2019-08-28T20:52:00+00:00,home-telemetry,device1,28,94
2019-08-28T20:53:00+00:00,home-telemetry,device1,27,93
2019-08-28T20:54:00+00:00,home-telemetry,device1,26,94
2019-08-28T20:55:00+00:00,home-telemetry,device1,26,96
2019-08-28T20:56:00+00:00,home-telemetry,device1,27,94
2019-08-28T20:57:00+00:00,home-telemetry,device1,27,92
2019-08-28T20:58:00+00:00,home-telemetry,device1,27,91
2019-08-28T20:59:00+00:00,home-telemetry,device1,28,93
2019-08-28T21:00:00+00:00,home-telemetry,device1,27,92
2019-08-28T21:01:00+00:00,home-telemetry,device1,27,91
2019-08-28T21:02:00+00:00,home-telemetry,device1,27,92
2019-08-28T21:03:00+00:00,home-telemetry,device1,26,94
2019-08-28T21:04:00+00:00,home-telemetry,device1,26,93
2019-08-28T21:05:00+00:00,home-telemetry,device1,25,95
2019-08-28T21:06:00+00:00,home-telemetry,device1,25,94
2019-08-28T21:07:00+00:00,home-telemetry,device1,26,92
2019-08-28T21:08:00+00:00,home-telemetry,device1,25,92
2019-08-28T21:09:00+00:00,home-telemetry,device1,25,92
2019-08-28T21:10:00+00:00,home-telemetry,device1,26,92
2019-08-28T21:11:00+00:00,home-telemetry,device1,27,92
2019-08-28T21:12:00+00:00,home-telemetry,device1,26,90
2019-08-28T21:13:00+00:00,home-telemetry,device1,25,92
2019-08-28T21:14:00+00:00,home-telemetry,device1,26,94
2019-08-28T21:15:00+00:00,home-telemetry,device1,25,95
2019-08-28T21:16:00+00:00,home-telemetry,device1,24,97
2019-08-28T21:17:00+00:00,home-telemetry,device1,24,96
2019-08-28T21:18:00+00:00,home-telemetry,device1,24,95
2019-08-28T21:19:00+00:00,home-telemetry,device1,23,94
2019-08-28T21:20:00+00:00,home-telemetry,device1,23,93
2019-08-28T21:21:00+00:00,home-telemetry,device1,24,92
2019-08-28T21:22:00+00:00,home-telemetry,device1,23,92
2019-08-28T21:23:00+00:00,home-telemetry,device1,22,94
2019-08-28T21:24:00+00:00,home-telemetry,device1,22,95
2019-08-28T21:25:00+00:00,home-telemetry,device1,22,94
2019-08-28T21:26:00+00:00,home-telemetry,device1,23,96
2019-08-28T21:27:00+00:00,home-telemetry,device1,24,96
2019-08-28T21:28:00+00:00,home-telemetry,device1,25,95
2019-08-28T21:29:00+00:00,home-telemetry,device1,26,94
2019-08-28T21:30:00+00:00,home-telemetry,device1,27,95
2019-08-28T21:31:00+00:00,home-telemetry,device1,28,94
2019-08-28T21:32:00+00:00,home-telemetry,device1,28,94
2019-08-28T21:33:00+00:00,home-telemetry,device1,27,93
2019-08-28T21:34:00+00:00,home-telemetry,device1,27,93
2019-08-28T21:35:00+00:00,home-telemetry,device1,26,95
2019-08-28T21:36:00+00:00,home-telemetry,device1,25,97
2019-08-28T21:37:00+00:00,home-telemetry,device1,25,96
2019-08-28T21:38:00+00:00,home-telemetry,device1,24,94
2019-08-28T21:39:00+00:00,home-telemetry,device1,24,96
2019-08-28T21:40:00+00:00,home-telemetry,device1,23,96
2019-08-28T21:41:00+00:00,home-telemetry,device1,23,94
2019-08-28T21:42:00+00:00,home-telemetry,device1,23,93
2019-08-28T21:43:00+00:00,home-telemetry,device1,23,92
2019-08-28T21:44:00+00:00,home-telemetry,device1,24,91
2019-08-28T21:45:00+00:00,home-telemetry,device1,25,92
2019-08-28T21:46:00+00:00,home-telemetry,device1,26,93
2019-08-28T21:47:00+00:00,home-telemetry,device1,26,92
2019-08-28T21:48:00+00:00,home-telemetry,device1,26,93
2019-08-28T21:49:00+00:00,home-telemetry,device1,27,95
2019-08-28T21:50:00+00:00,home-telemetry,device1,27,94
2019-08-28T21:51:00+00:00,home-telemetry,device1,28,96
2019-08-28T21:52:00+00:00,home-telemetry,device1,28,94
2019-08-28T21:53:00+00:00,home-telemetry,device1,29,94
2019-08-28T21:54:00+00:00,home-telemetry,device1,30,94
2019-08-28T21:55:00+00:00,home-telemetry,device1,31,95
2019-08-28T21:56:00+00:00,home-telemetry,device1,31,95
2019-08-28T21:57:00+00:00,home-telemetry,device1,30,93
2019-08-28T21:58:00+00:00,home-telemetry,device1,31,95
2019-08-28T21:59:00+00:00,home-telemetry,device1,30,97
2019-08-28T22:00:00+00:00,home-telemetry,device1,30,95
2019-08-28T22:01:00+00:00,home-telemetry,device1,30,94
2019-08-28T22:02:00+00:00,home-telemetry,device1,31,93
2019-08-28T22:03:00+00:00,home-telemetry,device1,32,94
2019-08-28T22:04:00+00:00,home-telemetry,device1,32,95
2019-08-28T22:05:00+00:00,home-telemetry,device1,31,95
2019-08-28T22:06:00+00:00,home-telemetry,device1,30,95
2019-08-28T22:07:00+00:00,home-telemetry,device1,29,94
2019-08-28T22:08:00+00:00,home-telemetry,device1,28,94
2019-08-28T22:09:00+00:00,home-telemetry,device1,27,94
2019-08-28T22:10:00+00:00,home-telemetry,device1,27,92
2019-08-28T22:11:00+00:00,home-telemetry,device1,26,92
2019-08-28T22:12:00+00:00,home-telemetry,device1,26,90
2019-08-28T22:13:00+00:00,home-telemetry,device1,25,89
2019-08-28T22:14:00+00:00,home-telemetry,device1,24,91
2019-08-28T22:15:00+00:00,home-telemetry,device1,25,92
2019-08-28T22:16:00+00:00,home-telemetry,device1,24,92
2019-08-28T22:17:00+00:00,home-telemetry,device1,25,94
2019-08-28T22:18:00+00:00,home-telemetry,device1,24,92
2019-08-28T22:19:00+00:00,home-telemetry,device1,23,90
2019-08-28T22:20:00+00:00,home-telemetry,device1,23,91
2019-08-28T22:21:00+00:00,home-telemetry,device1,22,90
2019-08-28T22:22:00+00:00,home-telemetry,device1,23,89
2019-08-28T22:23:00+00:00,home-telemetry,device1,23,90
2019-08-28T22:24:00+00:00,home-telemetry,device1,22,88
2019-08-28T22:25:00+00:00,home-telemetry,device1,23,88
2019-08-28T22:26:00+00:00,home-telemetry,device1,23,87
2019-08-28T22:27:00+00:00,home-telemetry,device1,24,88
2019-08-28T22:28:00+00:00,home-telemetry,device1,25,86
2019-08-28T22:29:00+00:00,home-telemetry,device1,25,86
2019-08-28T22:30:00+00:00,home-telemetry,device1,24,88
2019-08-28T22:31:00+00:00,home-telemetry,device1,25,90
2019-08-28T22:32:00+00:00,home-telemetry,device1,26,89
2019-08-28T22:33:00+00:00,home-telemetry,device1,26,90
2019-08-28T22:34:00+00:00,home-telemetry,device1,26,90
2019-08-28T22:35:00+00:00,home-telemetry,device1,27,88
2019-08-28T22:36:00+00:00,home-telemetry,device1,28,87
2019-08-28T22:37:00+00:00,home-telemetry,device1,27,88
2019-08-28T22:38:00+00:00,home-telemetry,device1,26,90
2019-08-28T22:39:00+00:00,home-telemetry,device1,26,92
2019-08-28T22:40:00+00:00,home-telemetry,device1,26,93
2019-08-28T22:41:00+00:00,home-telemetry,device1,26,93
2019-08-28T22:42:00+00:00,home-telemetry,device1,26,93
2019-08-28T22:43:00+00:00,home-telemetry,device1,27,92
2019-08-28T22:44:00+00:00,home-telemetry,device1,28,94
2019-08-28T22:45:00+00:00,home-telemetry,device1,29,96
2019-08-28T22:46:00+00:00,home-telemetry,device1,28,96
2019-08-28T22:47:00+00:00,home-telemetry,device1,27,98
2019-08-28T22:48:00+00:00,home-telemetry,device1,26,99
2019-08-28T22:49:00+00:00,home-telemetry,device1,25,97
2019-08-28T22:50:00+00:00,home-telemetry,device1,24,99
2019-08-28T22:51:00+00:00,home-telemetry,device1,25,97
2019-08-28T22:52:00+00:00,home-telemetry,device1,24,99
2019-08-28T22:53:00+00:00,home-telemetry,device1,23,97
2019-08-28T22:54:00+00:00,home-telemetry,device1,24,98
2019-08-28T22:55:00+00:00,home-telemetry,device1,25,96
2019-08-28T22:56:00+00:00,home-telemetry,device1,25,98
2019-08-28T22:57:00+00:00,home-telemetry,device1,25,100
2019-08-28T22:58:00+00:00,home-telemetry,device1,25,97
2019-08-28T22:59:00+00:00,home-telemetry,device1,25,99
2019-08-28T23:00:00+00:00,home-telemetry,device1,26,101
2019-08-28T23:01:00+00:00,home-telemetry,device1,25,101
2019-08-28T23:02:00+00:00,home-telemetry,device1,24,101
2019-08-28T23:03:00+00:00,home-telemetry,device1,23,97
2019-08-28T23:04:00+00:00,home-telemetry,device1,22,96
2019-08-28T23:05:00+00:00,home-telemetry,device1,22,94
2019-08-28T23:06:00+00:00,home-telemetry,device1,21,96
2019-08-28T23:07:00+00:00,home-telemetry,device1,20,95
2019-08-28T23:08:00+00:00,home-telemetry,device1,20,93
2019-08-28T23:09:00+00:00,home-telemetry,device1,20,92
2019-08-28T23:10:00+00:00,home-telemetry,device1,20,92
2019-08-28T23:11:00+00:00,home-telemetry,device1,20,94
2019-08-28T23:12:00+00:00,home-telemetry,device1,19,93
2019-08-28T23:13:00+00:00,home-telemetry,device1,19,94
2019-08-28T23:14:00+00:00,home-telemetry,device1,20,92
2019-08-28T23:15:00+00:00,home-telemetry,device1,20,92
2019-08-28T23:16:00+00:00,home-telemetry,device1,19,91
2019-08-28T23:17:00+00:00,home-telemetry,device1,19,91
2019-08-28T23:18:00+00:00,home-telemetry,device1,19,92
2019-08-28T23:19:00+00:00,home-telemetry,device1,19,93
2019-08-28T23:20:00+00:00,home-telemetry,device1,19,92
2019-08-28T23:21:00+00:00,home-telemetry,device1,20,90
2019-08-28T23:22:00+00:00,home-telemetry,device1,21,88
2019-08-28T23:23:00+00:00,home-telemetry,device1,21,86
2019-08-28T23:24:00+00:00,home-telemetry,device1,20,86
2019-08-28T23:25:00+00:00,home-telemetry,device1,19,87
2019-08-28T23:26:00+00:00,home-telemetry,device1,18,85
2019-08-28T23:27:00+00:00,home-telemetry,device1,19,84
2019-08-28T23:28:00+00:00,home-telemetry,device1,18,82
2019-08-28T23:29:00+00:00,home-telemetry,device1,18,84
2019-08-28T23:30:00+00:00,home-telemetry,device1,19,86
2019-08-28T23:31:00+00:00,home-telemetry,device1,19,87
2019-08-28T23:32:00+00:00,home-telemetry,device1,18,86
2019-08-28T23:33:00+00:00,home-telemetry,device1,18,85
2019-08-28T23:34:00+00:00,home-telemetry,device1,17,87
2019-08-28T23:35:00+00:00,home-telemetry,device1,16,86
2019-08-28T23:36:00+00:00,home-telemetry,device1,15,87
2019-08-28T23:37:00+00:00,home-telemetry,device1,15,87
2019-08-28T23:38:00+00:00,home-telemetry,device1,15,88
2019-08-28T23:39:00+00:00,home-telemetry,device1,16,90
2019-08-28T23:40:00+00:00,home-telemetry,device1,15,88
2019-08-28T23:41:00+00:00,home-telemetry,device1,15,86
2019-08-28T23:42:00+00:00,home-telemetry,device1,14,86
2019-08-28T23:43:00+00:00,home-telemetry,device1,15,88
2019-08-28T23:44:00+00:00,home-telemetry,device1,16,87
2019-08-28T23:45:00+00:00,home-telemetry,device1,16,86
2019-08-28T23:46:00+00:00,home-telemetry,device1,16,86
2019-08-28T23:47:00+00:00,home-telemetry,device1,15,86
2019-08-28T23:48:00+00:00,home-telemetry,device1,16,87
2019-08-28T23:49:00+00:00,home-telemetry,device1,16,85
2019-08-28T23:50:00+00:00,home-telemetry,device1,15,83
2019-08-28T23:51:00+00:00,home-telemetry,device1,16,82
2019-08-28T23:52:00+00:00,home-telemetry,device1,17,84
2019-08-28T23:53:00+00:00,home-telemetry,device1,18,82
2019-08-28T23:54:00+00:00,home-telemetry,device1,19,81
2019-08-28T23:55:00+00:00,home-telemetry,device1,19,81
2019-08-28T23:56:00+00:00,home-telemetry,device1,18,79
2019-08-28T23:57:00+00:00,home-telemetry,device1,18,77
2019-08-28T23:58:00+00:00,home-telemetry,device1,19,75
2019-08-28T23:59:00+00:00,home-telemetry,device1,20,73